SquareFeet,Bedrooms,Bathrooms,HouseAge,DistanceToCityCenter,GarageSpaces,Neighborhood,Price
2073,2,1.0,9,30.0,1,Suburban,74895432.08
1724,1,3.0,2,7.4,0,Rural / Outskirts,300000.0
2156,2,1.0,23,1.0,0,Rural / Outskirts,9846828.3
2638,1,1.5,27,30.0,0,Suburban,11553770.11
1671,3,2.5,3,3.4,0,City Center,11912909.38
1671,4,1.0,15,2.2,1,Suburban,10082999.4
2669,1,4.0,7,5.3,0,Suburban,13797361.66
2222,4,2.0,15,2.4,1,Suburban,12539377.18
1542,3,1.0,26,1.0,0,Gated Society,10107891.49
2098,2,2.5,16,1.0,3,City Center,14023559.76
1545,1,3.0,18,3.9,2,Suburban,9195906.8
1544,3,4.0,21,11.8,1,City Center,11286913.27
1933,3,3.0,14,5.5,1,Gated Society,12295265.96
748,3,2.5,15,30.0,1,Suburban,4780639.43
851,1,4.0,14,2.2,1,Gated Society,7505091.49
1491,1,1.5,24,2.1,0,City Center,10058655.8
1243,2,4.0,1,1.1,2,Suburban,8736239.1
1973,2,1.5,10,1.2,1,Gated Society,12654398.02
1301,2,3.0,0,2.2,2,City Center,11130782.74
1023,2,3.0,14,10.2,0,Gated Society,7874782.62
2606,3,2.5,25,15.4,2,Suburban,13735398.49
1676,4,1.5,18,24.0,2,Suburban,9331851.49
1837,2,3.0,3,1.7,0,Suburban,10664944.37
1016,4,1.5,10,13.9,1,Suburban,6969753.54
1501,2,3.0,4,2.6,0,Suburban,9458141.54
1861,3,4.0,2,1.0,1,Suburban,11378743.09
1167,2,1.0,12,13.3,1,Gated Society,7924792.8
2007,3,2.0,9,6.6,1,Suburban,11401494.25
1470,5,4.0,10,1.2,1,City Center,12002367.05
1640,3,3.5,17,3.7,2,City Center,11783717.75
1469,2,1.0,1,2.2,0,City Center,10483072.0
2819,3,3.5,6,8.7,3,Suburban,15403243.62
1793,2,3.0,8,3.9,1,Gated Society,11738773.98
1218,4,2.0,9,29.5,2,Gated Society,8469134.44
2252,3,2.0,17,1.0,1,City Center,14750335.34
1129,2,3.0,22,2.9,0,Rural / Outskirts,5900927.45
1915,3,3.0,6,4.3,2,Suburban,11614562.59
722,3,1.5,26,4.5,1,Rural / Outskirts,3990239.44
1069,1,3.0,6,2.5,2,Gated Society,8804695.6
1908,3,2.5,2,8.5,1,Gated Society,12312255.81
2206,2,3.0,11,13.5,1,City Center,13323153.29
1894,3,2.5,6,18.1,1,City Center,12109181.45
1736,3,3.0,16,10.6,2,City Center,12234250.35
1634,3,1.5,25,12.4,0,Gated Society,9852461.27
987,3,2.5,0,5.2,2,Suburban,7640942.48
1404,3,1.0,4,11.4,2,Gated Society,10009139.95
1547,2,2.5,15,2.4,0,Suburban,9452036.99
2381,3,4.0,14,3.3,0,Gated Society,14240778.66
1989,2,1.5,1,2.5,2,City Center,13782755.65
830,3,3.5,8,4.1,1,City Center,8361920.74
1978,2,2.5,6,2.2,1,Suburban,11381305.31
1588,2,4.0,3,21.2,0,Suburban,8697463.94
1428,3,4.0,19,2.4,1,Suburban,9171757.38
2136,1,4.0,17,1.0,0,Gated Society,12930652.16
2367,3,3.0,20,4.9,1,City Center,14733268.28
2312,2,4.0,3,1.0,2,Suburban,13044908.4
1338,1,3.0,27,1.0,1,Gated Society,9024693.54
1630,3,3.5,12,1.6,1,City Center,12253964.85
1982,1,1.5,0,4.1,3,Rural / Outskirts,9874198.98
2337,2,2.0,27,3.7,2,Rural / Outskirts,11312687.81
1536,3,3.0,23,10.5,2,City Center,11180159.23
1698,1,4.0,2,8.7,1,Suburban,9898448.78
1192,3,4.0,15,3.6,2,Suburban,8533734.65
1142,1,1.0,29,2.6,0,Gated Society,7838056.44
2247,2,4.0,21,2.5,0,Suburban,11945952.52
2546,3,1.5,3,9.7,1,Suburban,13471312.4
1760,2,2.5,24,1.0,1,Gated Society,11103889.5
2352,1,2.5,22,1.0,2,City Center,14568856.06
1999,2,4.0,24,10.3,1,Gated Society,12187665.82
1445,2,1.0,15,4.2,2,Gated Society,10017870.26
1999,3,3.0,25,1.0,2,Suburban,11790348.39
2646,2,1.5,18,1.7,1,Rural / Outskirts,12317697.33
1780,3,1.0,0,17.5,1,Gated Society,10982307.59
2661,4,3.0,4,12.8,1,City Center,16131364.35
600,2,1.5,18,8.0,1,Suburban,4749380.91
2252,4,4.0,21,4.3,0,Suburban,12435784.59
1848,2,2.5,23,4.8,3,City Center,12613871.94
1636,4,1.5,10,24.0,0,Rural / Outskirts,7200913.17
1850,1,4.0,12,21.9,0,City Center,10966552.16
707,3,3.5,19,1.6,2,Gated Society,7517271.0
1679,3,2.0,4,10.8,1,Suburban,9942472.74
1996,2,1.5,20,1.4,2,City Center,13178331.88
2613,3,2.0,3,1.6,1,Rural / Outskirts,12754411.42
1515,3,1.5,3,7.3,1,Rural / Outskirts,7892417.96
1355,1,2.0,3,3.4,1,Suburban,8522643.58
1524,2,3.5,3,17.4,1,City Center,10677071.55
2303,3,2.5,19,1.0,1,City Center,14394402.09
1981,3,3.0,20,4.7,2,Suburban,11918073.14
1509,4,2.0,17,16.3,1,Suburban,8747247.41
2082,3,3.5,17,15.2,2,Suburban,11304955.8
1853,4,2.0,15,1.1,0,Rural / Outskirts,9582927.43
2333,3,2.5,8,3.0,1,Suburban,12992191.4
1414,2,2.0,17,6.3,1,Rural / Outskirts,6850833.94
1620,1,3.5,21,1.1,2,Gated Society,10978306.39
1584,3,4.0,1,22.4,0,Suburban,9145872.39
995,3,3.5,20,16.0,1,Rural / Outskirts,5247076.16
1963,1,1.0,3,1.2,2,Suburban,10771764.26
1944,2,2.5,11,1.0,1,Rural / Outskirts,9929345.89
1803,4,4.0,6,1.0,2,Suburban,11814122.01
1671,3,1.0,14,15.6,0,City Center,10676645.83
1022,2,2.5,6,1.4,2,Rural / Outskirts,6229168.91
1569,2,4.0,28,3.5,2,Suburban,10007714.13
1612,2,2.0,21,3.9,2,Rural / Outskirts,8135421.43
1359,2,4.0,25,5.9,1,Rural / Outskirts,6901361.43
1711,2,3.5,20,1.0,0,City Center,11825720.54
2022,1,1.0,16,1.7,2,Suburban,11180371.62
2837,3,2.0,15,17.4,1,Suburban,14184238.07
1896,2,3.5,27,15.5,0,Suburban,9302447.8
1942,3,2.5,18,9.9,2,Gated Society,12096968.33
1759,4,4.0,8,1.0,1,Suburban,11434319.85
745,2,3.5,13,2.6,0,Suburban,5988804.1
1785,3,2.0,16,6.4,1,Gated Society,11230557.55
1833,3,1.0,4,2.1,0,City Center,12648733.68
3155,4,1.0,1,15.6,1,Gated Society,17274681.59
1694,2,4.0,19,6.5,1,Suburban,9855911.71
1966,3,3.5,15,1.0,1,Rural / Outskirts,10460504.09
1781,3,2.0,13,15.6,2,Suburban,10406156.05
1157,2,1.5,13,20.6,2,City Center,8520611.56
2429,2,2.5,26,1.0,1,Suburban,12974780.31
2214,3,2.5,0,4.9,0,City Center,14586770.06
2235,3,2.0,2,2.3,2,Rural / Outskirts,11744045.32
1300,2,1.5,25,3.2,1,City Center,9618211.09
2572,3,1.0,6,1.3,1,Gated Society,15121904.38
1029,2,4.0,25,5.6,1,Suburban,7280378.99
2123,3,3.0,14,20.6,1,Suburban,10932762.04
3005,2,3.0,18,4.5,2,City Center,17512082.59
1255,4,4.0,19,1.0,0,Suburban,8574173.09
1489,2,2.0,1,6.3,2,Suburban,9231645.91
1855,2,1.5,18,2.7,0,Suburban,10159979.88
1523,1,1.5,8,12.6,2,Rural / Outskirts,7329470.89
947,1,2.5,18,3.7,0,Suburban,6293703.03
1838,3,1.0,26,1.4,0,Suburban,10305974.51
1216,2,3.5,4,1.4,1,Suburban,8193090.52
2060,3,1.5,17,9.5,1,City Center,13037655.59
1294,1,4.0,15,2.0,1,Rural / Outskirts,7005237.3
2652,2,3.5,3,9.5,1,Suburban,14066514.64
1369,2,3.0,11,1.5,1,City Center,10712515.25
1623,1,3.5,28,2.5,0,Suburban,8866580.68
2247,2,1.0,6,4.1,1,Suburban,12371754.92
1123,2,4.0,13,18.6,2,Suburban,7566137.01
1925,3,1.0,22,17.4,2,Gated Society,11472440.15
2519,2,3.5,11,1.5,2,City Center,15992958.32
916,3,2.0,2,2.9,2,Suburban,7377288.85
1902,3,1.5,4,1.1,1,Gated Society,12584356.58
1943,1,4.0,16,4.6,0,City Center,12085833.85
2230,2,2.0,25,4.0,1,Rural / Outskirts,10505304.79
1120,4,3.5,9,15.0,2,City Center,9707927.14
1074,3,1.5,9,17.3,3,Gated Society,8457547.26
2087,3,2.5,10,3.1,1,Suburban,12121572.96
1963,2,2.0,16,4.4,0,Suburban,10614026.15
1938,3,2.0,4,,0,City Center,12288211.38
1991,3,3.5,12,10.7,1,City Center,12887111.21
1426,3,3.0,9,1.0,1,City Center,11256530.23
1928,5,3.5,8,2.5,0,City Center,13785109.99
1961,2,2.0,16,3.6,2,Suburban,10994804.14
1407,1,1.5,0,1.7,1,Suburban,8325298.83
2826,3,3.0,3,1.4,2,Suburban,16025563.23
2061,3,3.5,3,1.0,2,Gated Society,13775531.59
1145,2,4.0,17,6.7,2,Gated Society,9046616.75
2161,2,3.5,8,2.0,1,Suburban,12520579.06
1264,1,2.0,29,1.0,1,Suburban,7601266.28
2233,2,2.0,24,1.7,1,Suburban,12206865.73
2437,3,2.5,28,10.5,1,Suburban,12816245.02
1349,3,3.5,28,12.4,1,Gated Society,9068386.24
2330,2,2.0,17,4.3,3,City Center,14868299.03
2027,2,4.0,13,3.5,2,City Center,14065451.42
2252,1,1.0,24,24.8,2,Gated Society,11616642.88
2843,2,3.0,14,1.5,2,City Center,16912552.57
1665,3,1.0,5,1.6,1,Rural / Outskirts,8627903.81
1385,5,3.0,23,2.2,0,Rural / Outskirts,7940275.35
1311,3,4.0,9,1.2,1,City Center,11013389.43
1351,1,3.5,28,3.1,1,City Center,9669260.98
1758,4,2.5,14,15.7,2,Suburban,10323470.3
1988,3,2.0,28,6.2,1,Suburban,10807255.31
1952,3,2.0,3,3.5,1,Suburban,11379690.34
2255,2,2.0,17,17.7,1,Gated Society,12382836.38
1807,2,3.5,17,1.0,0,Suburban,10453086.48
2599,2,3.0,24,1.5,1,Suburban,13884382.49
1654,1,4.0,16,5.4,2,City Center,11652246.05
3296,2,2.0,11,6.2,0,Gated Society,17117357.91
2144,2,1.0,6,1.0,1,City Center,13693239.42
1329,3,2.0,15,3.4,1,Gated Society,9860931.61
1211,3,3.5,10,6.8,0,Suburban,7896414.54
2065,3,4.0,13,7.8,0,Suburban,11258441.19
1677,1,2.5,2,6.6,3,Rural / Outskirts,9023783.71
2193,4,4.0,18,2.5,1,Rural / Outskirts,11701862.67
2060,4,1.0,17,1.0,1,Suburban,11756602.8
1760,3,2.0,29,3.6,0,City Center,11376957.65
1334,5,2.0,9,1.0,2,Gated Society,10702590.5
967,3,1.5,5,19.2,1,Suburban,6292677.0
1554,4,3.0,12,4.2,1,City Center,11676051.6
2271,1,1.0,9,2.5,0,Rural / Outskirts,10537707.0
1918,2,1.5,17,9.4,2,City Center,12271257.0
1115,2,4.0,25,4.5,1,City Center,9360112.98
1895,2,2.5,19,2.4,1,City Center,12567902.02
2012,2,3.0,25,10.9,1,Suburban,10801753.86
1314,3,1.0,15,13.1,1,Gated Society,8945731.55
1885,3,2.0,24,7.3,2,Suburban,10662131.49
1832,3,4.0,24,1.0,2,Suburban,11036884.26
1171,2,1.0,5,5.4,1,Suburban,7547458.42
1997,3,2.0,12,9.4,2,Gated Society,12469562.65
2108,3,3.0,3,1.0,2,City Center,14365904.55
2396,2,2.0,22,1.7,2,Rural / Outskirts,11674408.38
2380,3,2.5,13,13.9,1,City Center,14461014.84
1042,2,4.0,0,1.0,1,Rural / Outskirts,6530486.7
1284,2,3.5,27,9.1,1,City Center,9845982.46
2083,4,2.0,19,4.2,2,Gated Society,13307115.38
2083,2,2.5,4,3.8,0,City Center,13170506.3
2083,2,3.5,7,1.0,1,City Center,14160330.92
3919,4,4.0,11,11.1,1,Rural / Outskirts,18515357.83
2114,3,3.0,1,2.9,1,Rural / Outskirts,11217629.62
2425,1,3.0,11,5.1,1,Suburban,12874590.53
2325,2,4.0,4,7.4,2,Gated Society,13869209.11
2158,1,4.0,21,7.9,1,Suburban,11683771.35
1627,3,1.0,4,20.3,2,Rural / Outskirts,7869841.78
2217,2,2.5,12,4.9,1,Suburban,12141479.45
1375,2,2.5,8,3.3,1,Suburban,8814769.13
1670,4,4.0,9,20.0,1,Suburban,10134529.88
1533,3,1.5,0,6.7,0,Suburban,9091779.74
1845,2,1.5,29,2.3,1,Rural / Outskirts,8710827.46
3073,3,3.5,2,1.0,2,City Center,18534413.79
773,3,3.5,29,12.0,1,City Center,7386010.34
2177,1,1.5,17,2.9,2,Suburban,11540624.38
913,2,4.0,11,7.0,1,Gated Society,7644282.35
1540,3,4.0,28,4.1,0,City Center,11173298.05
2399,2,3.5,2,1.4,0,Suburban,13542605.18
1835,3,2.0,25,6.0,1,Rural / Outskirts,9356283.38
1207,2,4.0,24,1.0,1,City Center,9802973.74
1407,1,1.5,28,3.5,0,Gated Society,8871912.21
2174,2,2.5,29,5.1,1,Gated Society,12934301.59
1398,2,4.0,8,3.7,1,Suburban,9139922.45
1919,2,4.0,25,9.0,1,Rural / Outskirts,9309012.82
1825,1,2.0,1,11.4,2,Gated Society,11379787.78
1442,3,3.5,29,9.6,1,Suburban,8832494.26
2979,5,4.0,2,1.0,1,Suburban,16539650.83
2149,3,3.0,13,1.4,2,Gated Society,13839357.51
686,4,1.0,3,5.0,1,Suburban,6132288.09
1903,2,1.5,24,17.7,1,Rural / Outskirts,8318906.95
1436,4,3.0,18,11.7,1,Suburban,9023491.34
2269,2,3.5,12,12.0,0,Suburban,11841872.71
1364,4,2.5,6,2.3,2,City Center,11324085.03
1737,5,1.0,11,3.6,1,City Center,12552052.04
2078,3,3.0,2,4.1,2,City Center,13961521.34
2276,5,1.0,22,1.1,2,Rural / Outskirts,11854988.65
1140,3,1.5,22,1.0,1,Gated Society,8975281.27
1616,2,3.5,8,19.1,1,Gated Society,10122509.38
1539,2,4.0,1,1.8,1,Suburban,9751787.98
1441,3,2.5,28,1.8,1,Gated Society,9975644.7
2771,1,3.5,21,1.0,1,Suburban,14339855.86
2023,3,1.0,8,17.1,1,Rural / Outskirts,9398959.47
1107,5,3.0,11,5.6,1,Suburban,8530188.55
2305,2,1.5,11,7.1,0,Rural / Outskirts,10886536.38
2967,3,1.5,14,15.8,3,Gated Society,16504077.68
2368,4,3.5,1,2.8,0,Suburban,13521426.92
964,4,4.0,17,6.3,2,Suburban,7481453.66
1534,4,3.0,12,1.0,2,Suburban,10566134.7
2497,3,4.0,13,1.3,1,City Center,15805324.42
1411,5,4.0,4,11.6,2,Suburban,9820847.34
2044,3,3.0,25,9.5,1,Suburban,11265223.43
2226,2,1.0,9,2.8,1,City Center,13938287.25
1290,3,3.5,11,3.1,1,Rural / Outskirts,7642697.52
1767,3,3.5,9,5.0,1,Suburban,10760370.55
600,2,2.0,23,1.0,1,Rural / Outskirts,4046954.93
1237,3,3.5,10,1.8,1,Gated Society,9886922.2
1661,3,1.5,24,1.5,1,Suburban,9728878.06
1114,2,1.0,1,1.9,1,Suburban,7595653.41
2698,3,3.0,4,10.7,1,Gated Society,15483896.71
1013,3,3.5,29,2.1,0,Rural / Outskirts,5449928.55
1558,3,1.0,6,1.4,0,Suburban,9184452.5
1872,1,3.5,5,4.6,1,Rural / Outskirts,9562698.56
2593,1,3.0,21,13.0,0,Rural / Outskirts,11076913.17
1010,2,2.5,22,1.8,0,Gated Society,7836239.81
2440,4,3.0,2,1.0,2,Rural / Outskirts,12799981.36
1806,2,3.0,12,2.9,0,Suburban,10219310.59
1260,3,3.0,2,9.0,2,Rural / Outskirts,7315051.53
2054,2,3.5,25,5.2,1,Gated Society,12397677.92
1909,2,2.0,24,11.0,2,City Center,11987694.4
1470,3,3.0,29,20.9,1,Rural / Outskirts,6693104.51
1838,3,1.5,23,10.2,1,Suburban,9849998.69
1588,1,1.5,20,6.0,1,Suburban,8655019.7
1862,2,1.0,5,4.4,1,Suburban,10631693.63
2164,1,2.0,10,1.0,1,City Center,13845770.74
2672,3,1.0,27,27.0,0,Suburban,11937425.25
1119,3,1.5,25,3.1,3,Gated Society,9331659.86
2973,1,4.0,16,1.1,1,City Center,17202284.42
726,2,1.5,9,7.1,1,Suburban,5472518.18
1717,2,2.5,11,2.2,2,City Center,12137902.14
2124,4,3.0,16,5.7,1,Suburban,12155364.17
1955,5,4.0,3,5.7,2,Gated Society,13958179.05
1458,1,1.5,1,3.8,1,Gated Society,9685461.3
1686,3,3.5,10,11.8,2,Rural / Outskirts,8521960.47
1529,2,3.5,6,2.0,0,Suburban,9458131.89
1476,2,1.0,1,3.9,2,Suburban,9345181.05
2267,3,4.0,25,5.0,2,Rural / Outskirts,11475881.0
1996,4,1.0,17,7.1,1,Gated Society,12455943.91
1419,4,3.0,20,10.0,0,Suburban,8406173.02
2295,3,3.0,3,3.3,1,Gated Society,14061423.44
1969,2,2.5,7,6.8,3,Rural / Outskirts,10264112.43
2247,3,2.0,19,1.1,1,Gated Society,13935352.48
2146,2,1.0,13,17.5,1,Suburban,10895622.52
1344,3,3.0,11,3.1,0,Gated Society,9931596.72
1492,2,1.0,21,8.5,1,City Center,10073638.23
2211,3,3.0,20,1.0,1,Suburban,12507232.91
2136,2,1.5,26,1.5,3,Suburban,11723913.14
1789,2,1.0,29,4.3,1,City Center,11887496.32
1865,4,1.5,17,13.7,2,City Center,12293353.08
2503,1,1.0,10,4.9,1,City Center,14559733.49
1475,3,2.0,28,17.3,0,Gated Society,8772346.38
2101,2,2.5,27,4.3,1,Gated Society,12509146.94
1689,1,3.5,29,4.4,1,Rural / Outskirts,8151682.5
1680,1,3.5,7,1.0,3,Suburban,10849383.39
2404,2,3.5,1,10.5,2,Suburban,13367054.69
2254,4,1.5,24,1.8,1,Rural / Outskirts,11017461.99
2247,2,4.0,14,14.9,1,City Center,13937111.2
2518,4,3.0,8,15.7,1,Gated Society,14402267.18
1812,3,3.5,18,18.7,2,Gated Society,11236596.45
2175,2,2.0,19,4.8,2,City Center,13834322.72
1629,3,3.5,7,7.3,2,Rural / Outskirts,8762560.45
1978,3,1.0,24,9.8,1,Gated Society,11912238.59
1728,3,1.5,18,1.0,1,City Center,12486876.31
1853,2,4.0,4,6.0,1,City Center,12781586.02
2127,2,1.0,10,1.0,1,City Center,13471096.35
1350,4,4.0,14,4.5,1,Suburban,9161173.87
2951,4,1.0,7,1.1,0,Suburban,15359372.98
1247,4,1.0,18,1.3,0,Suburban,8097011.48
1132,2,2.5,22,3.0,2,Suburban,7417367.19
2437,3,2.5,26,3.7,2,Rural / Outskirts,12017231.15
2235,3,3.0,7,6.3,1,Suburban,12870646.18
2143,3,1.5,25,1.0,1,City Center,13305214.34
2146,2,2.0,26,4.6,1,Suburban,11187843.46
1793,3,2.0,29,1.3,2,Suburban,10450989.68
1307,2,2.0,18,5.5,2,Suburban,8348440.71
1842,2,1.0,17,6.6,2,Suburban,10439668.78
1428,4,2.5,9,5.3,2,City Center,11603888.21
2336,2,1.5,28,8.7,1,Gated Society,12732193.67
1719,1,1.0,6,2.7,1,Rural / Outskirts,8297917.75
1346,1,4.0,27,9.4,1,Suburban,7700142.96
1623,4,2.5,8,3.7,1,Suburban,10225364.2
2027,3,2.5,0,4.3,2,Suburban,12080190.42
1490,2,3.5,18,6.8,1,Gated Society,9921539.12
1348,3,3.5,4,1.0,0,Suburban,8919480.22
1934,3,1.5,18,6.9,1,Rural / Outskirts,9521793.34
1935,2,4.0,0,6.3,3,Suburban,11737400.45
1521,3,1.5,14,2.4,1,Suburban,9282158.0
1541,3,1.5,15,1.0,1,Suburban,9762640.17
1928,3,1.0,22,1.0,1,Rural / Outskirts,9896805.31
1004,2,3.0,6,16.7,0,Gated Society,7117255.0
1026,4,1.5,25,7.6,1,City Center,8881701.56
1405,3,3.5,11,1.0,2,Suburban,10109065.9
1683,2,3.0,7,2.9,1,Suburban,10231292.44
1971,2,1.0,4,5.8,2,Suburban,11154528.21
2611,1,3.0,9,11.7,1,Gated Society,14700983.87
2272,2,2.0,27,1.0,0,Gated Society,13092656.71
1712,3,4.0,20,1.8,2,Gated Society,12049044.69
1790,1,3.0,4,14.3,1,Rural / Outskirts,8445645.19
1249,2,1.5,16,1.0,1,Suburban,7995431.86
1790,3,1.0,25,1.5,2,Rural / Outskirts,9192293.52
1641,1,4.0,4,20.8,1,Gated Society,10336000.58
1977,5,1.5,21,6.2,2,Suburban,11542690.28
1345,2,4.0,14,2.0,0,Gated Society,9668398.16
2086,2,3.5,12,,1,City Center,13475253.16
2643,2,2.0,27,1.0,0,Gated Society,14541912.81
1740,2,3.5,0,1.8,2,Suburban,11110546.37
2021,1,1.5,10,13.9,1,Suburban,10457080.4
2180,3,1.5,22,3.5,2,Gated Society,13120084.66
1579,4,1.5,0,8.3,2,Suburban,9702604.75
1923,2,2.5,10,16.3,1,City Center,12134464.27
1807,3,2.0,17,3.4,1,City Center,12554680.01
1854,3,4.0,17,1.4,1,Suburban,11069598.3
1375,3,1.5,20,4.7,1,Suburban,8186413.95
1813,2,1.5,29,15.5,1,Rural / Outskirts,7837988.71
2074,2,4.0,25,10.6,1,Rural / Outskirts,9906508.6
2598,2,3.5,15,1.0,3,Suburban,14730238.71
2328,3,3.5,12,7.7,2,Gated Society,14223894.89
2984,3,1.5,6,5.5,2,Suburban,15908180.63
1378,2,1.0,0,15.5,2,Gated Society,9585027.59
2280,2,2.5,25,1.0,1,City Center,13959200.27
1901,4,3.5,15,5.0,2,Suburban,11834327.46
3004,3,1.0,0,13.8,2,Suburban,15440920.3
1355,5,2.5,16,3.4,1,City Center,10884797.05
1338,3,1.5,5,4.3,3,Gated Society,10660049.64
1470,2,2.0,1,1.0,1,Gated Society,10484396.39
632,3,3.0,16,2.1,1,Suburban,5477080.23
1511,3,3.0,5,2.6,2,Suburban,9856072.06
1382,1,1.5,13,18.9,3,Rural / Outskirts,6377458.24
1883,3,3.5,17,2.2,1,Gated Society,12220886.81
1988,3,1.0,5,4.0,2,Suburban,11469466.63
2832,2,2.0,9,7.2,1,Suburban,14464069.93
2323,3,4.0,23,1.2,1,Gated Society,14151499.51
1483,3,2.5,17,4.3,2,Suburban,9400552.66
1306,4,1.5,26,8.7,1,City Center,10060430.81
2071,1,2.0,8,13.1,2,Suburban,10877341.46
1074,2,2.0,7,6.4,1,Rural / Outskirts,6127380.1
2807,3,3.5,27,7.2,1,Gated Society,15508866.97
2449,2,2.5,9,1.0,1,Rural / Outskirts,12143521.39
1542,3,2.0,16,18.9,1,Gated Society,10040688.84
858,3,3.5,22,1.0,0,Rural / Outskirts,5212675.82
2545,1,1.0,29,9.7,3,City Center,14732323.77
1737,3,3.5,28,2.0,1,Gated Society,11325164.97
2481,3,1.0,25,17.6,2,City Center,14240079.29
923,2,1.0,5,8.3,1,Gated Society,7822282.14
1470,4,4.0,13,9.1,1,Suburban,9592226.81
1803,3,4.0,21,1.6,1,Suburban,10917937.98
1826,3,2.0,21,3.8,1,Rural / Outskirts,8809364.58
1552,3,3.5,5,6.3,1,Rural / Outskirts,8362934.88
2143,2,4.0,25,9.6,1,City Center,13705618.53
1213,4,1.0,6,1.0,1,Suburban,8511549.75
1722,3,4.0,11,21.3,0,Suburban,9485307.17
1866,3,2.5,2,14.4,1,Suburban,10581899.93
2083,4,2.0,13,2.0,0,Gated Society,12902261.89
2191,2,3.5,21,11.2,0,Suburban,11414057.49
1181,3,3.5,18,4.7,2,Rural / Outskirts,6710261.45
956,2,3.0,22,4.0,1,City Center,8312218.15
2503,2,3.5,15,2.5,2,Gated Society,14842750.55
1983,2,2.0,6,5.7,1,Gated Society,12327689.56
1388,5,2.5,7,8.5,2,Suburban,9225558.84
2653,4,3.5,17,3.4,1,Suburban,14584467.68
1864,3,3.0,24,6.4,2,Gated Society,11859779.34
2449,3,2.0,12,7.8,1,Gated Society,14098031.42
1837,3,1.0,20,8.1,3,Suburban,10843825.93
2933,4,1.5,8,,2,Suburban,15964312.93
2765,3,1.5,9,12.8,2,City Center,16068315.03
1663,2,1.0,20,4.0,0,City Center,11038230.03
2334,2,4.0,22,2.0,1,Suburban,12514268.71
2155,3,3.5,26,1.8,1,City Center,14078819.46
2553,3,1.5,8,4.3,1,Gated Society,15079417.27
1269,2,4.0,14,14.2,2,Gated Society,9379911.17
2177,1,1.5,19,3.1,0,Rural / Outskirts,10263288.57
2382,3,1.0,1,9.0,0,Gated Society,13368489.61
833,1,3.5,24,1.0,1,Rural / Outskirts,4868454.43
1149,3,3.5,12,4.2,0,Suburban,7568969.87
678,5,4.0,1,30.0,1,Suburban,5464420.14
1652,2,1.0,18,9.6,2,Rural / Outskirts,7994677.91
2195,2,4.0,25,1.5,1,Suburban,12566872.19
2626,3,3.5,1,4.5,0,City Center,16128940.12
1841,3,3.5,2,1.7,1,Gated Society,12510582.56
2696,3,2.0,5,3.4,1,Rural / Outskirts,13367128.64
1041,4,4.0,2,9.8,0,Gated Society,8799692.09
863,1,2.0,9,9.6,2,Suburban,6438206.47
1769,3,1.0,23,1.7,2,Gated Society,11680843.21
2011,3,2.5,26,16.6,2,Rural / Outskirts,9610330.55
1782,4,1.5,5,5.8,2,City Center,12489238.49
663,2,2.0,22,3.1,0,Gated Society,6647438.31
1751,3,1.5,15,4.5,3,Suburban,10528537.39
1083,3,3.0,16,6.0,2,Suburban,7754848.57
2168,2,1.0,18,5.3,2,Suburban,11580613.3
2002,2,2.5,2,4.3,0,City Center,12893534.76
1283,4,3.0,17,4.6,2,City Center,10585209.69
1517,2,3.0,6,1.3,2,Suburban,9826483.5
1217,2,3.5,8,10.9,2,City Center,9611318.58
1766,2,3.0,19,5.1,0,Suburban,9814995.59
2325,4,1.0,11,1.0,2,Gated Society,14638398.36
1258,3,2.0,4,9.4,3,Suburban,8752349.6
2077,3,1.0,2,17.5,2,Suburban,11324738.37
1508,2,2.0,10,19.1,1,Rural / Outskirts,6811930.78
1364,3,3.0,24,3.0,2,City Center,10540302.87
1741,3,3.0,29,1.0,1,Suburban,10446722.94
1231,3,2.5,3,4.7,1,Suburban,8314887.23
1495,4,2.0,4,1.0,1,Gated Society,11031045.88
1141,1,3.0,0,17.7,2,Rural / Outskirts,5873132.98
2881,3,3.5,26,1.3,0,Rural / Outskirts,13757730.73
1819,1,1.5,27,1.9,1,Gated Society,11343096.89
1415,3,2.5,28,3.4,2,City Center,11103227.35
1918,2,1.0,17,3.1,2,City Center,12271297.07
1738,2,2.5,11,10.3,1,Suburban,9735562.99
1678,2,1.5,12,4.0,2,City Center,11591186.17
2138,3,2.0,8,1.2,2,Gated Society,13816517.19
2217,2,1.0,1,2.0,0,Gated Society,13160117.03
1508,3,1.0,4,4.6,1,City Center,11281707.34
1483,2,2.0,12,1.0,0,Gated Society,9998657.6
1649,1,4.0,15,6.1,1,City Center,11293213.11
600,3,4.0,15,5.4,1,Suburban,5556709.47
967,2,2.5,23,8.2,2,Gated Society,7578457.72
2552,2,3.0,2,18.0,2,Suburban,13096945.87
2705,3,4.0,21,15.8,0,Suburban,13334627.25
1663,2,2.5,3,19.0,0,City Center,10637173.52
2117,1,4.0,10,1.8,1,Suburban,11695789.93
1971,2,1.5,22,1.0,1,Gated Society,12130136.76
3493,4,3.5,25,2.3,1,Rural / Outskirts,16737975.1
2416,3,3.0,13,14.7,2,Suburban,13013440.76
1730,3,2.5,28,23.3,2,Suburban,9379999.17
1274,3,3.5,2,12.7,1,Gated Society,9524199.18
916,2,3.5,15,1.0,2,Rural / Outskirts,5751653.37
1912,2,4.0,21,19.1,1,Suburban,10485952.64
1384,3,2.0,14,3.6,2,Suburban,9179816.26
1018,1,1.5,27,1.0,1,Gated Society,7724017.56
1444,2,1.5,9,3.8,0,Suburban,8542717.4
1205,2,1.5,8,1.0,2,City Center,10152137.63
2728,2,3.0,10,5.1,1,Suburban,14310721.77
2285,5,1.0,15,2.7,2,City Center,15071580.42
1796,1,3.0,9,4.2,1,Suburban,10344088.34
2614,3,2.5,16,6.2,0,Suburban,13455023.48
1843,2,3.5,18,13.2,0,Rural / Outskirts,8254459.15
1326,5,3.5,1,7.0,1,Suburban,9018584.3
2638,1,1.0,23,3.7,2,Suburban,13559921.79
2096,2,2.5,22,11.1,1,City Center,12623773.65
1230,3,1.0,1,15.3,2,Rural / Outskirts,6616261.92
1695,3,3.5,5,1.0,2,City Center,12626215.94
1318,2,4.0,18,4.9,2,Suburban,8485215.73
1039,2,3.0,7,2.2,1,City Center,9249524.22
2309,2,1.5,25,1.0,2,Gated Society,13697743.79
2850,2,3.5,28,7.2,1,Suburban,14206053.49
1031,2,2.0,2,12.9,1,Suburban,6675652.16
2110,3,1.5,25,1.2,0,Suburban,11361370.57
1442,2,3.5,13,10.9,1,Rural / Outskirts,7133052.88
1532,2,3.0,24,12.5,0,Suburban,8615982.16
1474,3,1.0,15,16.0,1,Gated Society,9150743.21
1325,4,4.0,0,2.0,1,Rural / Outskirts,8185729.55
1827,3,4.0,20,15.2,1,Rural / Outskirts,9146457.31
1343,1,1.5,2,2.5,2,Suburban,8340696.02
1949,1,3.0,21,5.2,1,Rural / Outskirts,9258067.35
1772,4,4.0,25,1.0,1,City Center,12831314.56
1669,2,4.0,17,1.0,0,Suburban,9755581.32
1301,1,2.5,8,8.3,2,Rural / Outskirts,6817753.1
1483,3,2.0,5,3.8,0,Suburban,9220660.0
2215,3,1.5,22,1.9,1,Suburban,12000414.67
2076,3,1.0,20,1.4,1,Suburban,11619779.33
1262,2,4.0,24,7.2,2,Suburban,8267091.57
1855,1,2.5,0,1.0,1,Suburban,10681077.96
2213,4,3.0,20,10.7,2,Gated Society,13809041.79
882,2,4.0,26,1.0,0,Rural / Outskirts,4964031.32
2099,3,2.0,9,1.4,1,Gated Society,13354860.79
1436,3,1.0,26,3.2,1,City Center,10333057.17
2114,3,3.0,5,4.3,0,Rural / Outskirts,10565406.8
1380,2,3.0,22,2.9,1,Suburban,8513224.03
807,2,1.5,11,2.5,1,City Center,8090844.96
905,3,4.0,3,21.6,1,City Center,7832579.33
1826,4,1.5,27,6.7,2,Suburban,10659142.8
1943,4,1.0,12,1.0,1,City Center,13253153.74
1303,1,4.0,16,3.7,2,City Center,10438533.23
2151,2,3.5,26,13.5,1,Suburban,11290147.9
886,4,4.0,7,2.3,1,Suburban,7581585.59
1764,3,3.5,25,1.0,1,Suburban,10172475.05
1134,4,3.0,19,9.2,0,Gated Society,8487818.09
1441,2,1.5,2,6.1,0,Gated Society,9802606.87
1826,3,2.0,11,5.5,1,Suburban,10620645.32
1327,3,4.0,6,1.0,2,City Center,11214280.34
1588,3,2.0,11,1.0,2,Rural / Outskirts,8915375.06
2353,2,4.0,1,6.3,0,City Center,14687943.47
1483,1,3.0,23,1.5,2,Rural / Outskirts,7889530.74
2260,3,1.5,13,4.6,2,City Center,14690803.84
1179,2,1.0,21,5.1,1,Rural / Outskirts,5989394.37
2091,2,1.0,22,2.2,2,Suburban,11557199.45
2593,4,1.0,29,19.3,1,Suburban,12611577.19
600,2,4.0,4,12.0,1,Gated Society,6702597.78
1362,3,4.0,8,8.3,1,Suburban,8947162.39
2117,2,2.0,20,1.0,1,Suburban,11553352.01
1688,3,1.5,10,1.0,1,Suburban,9965212.7
2004,5,4.0,4,4.4,1,Gated Society,13519420.55
1468,1,1.5,2,1.1,2,City Center,10881394.4
1848,1,2.0,26,24.9,2,City Center,11067168.15
1714,2,4.0,16,1.1,2,Suburban,10825977.38
2442,1,1.0,1,4.3,2,City Center,15092828.46
1940,3,1.0,23,2.9,2,Gated Society,12659983.64
1986,4,3.0,0,6.6,0,City Center,13435326.75
1573,2,3.5,6,1.0,1,Suburban,10006983.02
1532,2,2.5,29,3.7,1,City Center,10580256.11
1562,2,3.5,13,2.1,2,Suburban,9853394.88
2017,3,4.0,4,14.2,1,City Center,13056477.14
1568,1,1.5,18,1.0,2,City Center,11256874.98
1959,3,4.0,27,15.9,0,City Center,12165311.5
2941,3,1.5,27,11.6,1,Rural / Outskirts,12820375.24
2279,3,1.5,10,2.3,2,City Center,14621996.68
1621,2,3.5,22,10.1,0,Gated Society,10521460.58
2461,3,2.5,24,1.0,1,City Center,15277077.38
1576,1,3.0,1,22.1,1,City Center,10560136.68
679,2,3.5,7,4.9,1,Suburban,5930898.15
1246,4,2.5,8,2.3,2,Suburban,8948019.39
771,3,1.0,26,2.9,1,Rural / Outskirts,4489504.22
1607,1,1.0,2,1.0,1,Rural / Outskirts,8174577.89
1810,2,1.5,1,29.5,0,Gated Society,9830102.56
2722,2,2.0,6,1.0,2,Suburban,14842751.16
1980,2,4.0,4,6.9,1,Suburban,11620428.95
1679,2,4.0,20,3.8,1,Suburban,9937413.91
2256,1,1.5,25,19.3,2,Rural / Outskirts,9589552.72
600,2,2.0,4,1.8,1,Suburban,5409456.38
1930,3,2.5,19,4.9,2,Suburban,11535158.99
2224,3,1.0,12,4.3,1,City Center,13938891.25
987,3,4.0,20,7.9,1,City Center,9108496.58
2429,1,3.5,28,1.0,0,Rural / Outskirts,11176676.73
1986,4,2.0,19,1.4,2,Suburban,11762346.59
1572,3,2.5,28,1.6,2,Suburban,9560745.05
2148,3,1.0,5,8.7,1,City Center,13438446.09
3049,3,3.5,19,1.4,1,Gated Society,17373985.74
1900,4,2.0,17,5.5,2,City Center,12984773.95
1937,3,1.5,24,1.6,2,Gated Society,12422653.46
1547,2,1.5,1,12.9,2,City Center,11052205.11
1333,3,1.5,24,18.5,1,Rural / Outskirts,6258574.94
2257,3,4.0,25,4.8,2,Gated Society,13825608.3
1329,3,2.5,5,2.8,1,City Center,10962225.95
1839,3,1.5,8,1.7,1,Suburban,10798885.7
1537,1,4.0,24,1.0,1,Suburban,9658905.05
2063,2,3.0,2,2.0,3,City Center,14010048.26
1984,4,4.0,0,6.9,1,Rural / Outskirts,11160508.25
2371,3,1.0,0,5.0,1,Suburban,12940454.12
1519,3,4.0,18,18.7,2,Suburban,9065404.38
1652,2,2.5,4,3.3,1,City Center,11760127.9
1262,2,3.5,12,7.7,2,Suburban,8060501.37
1556,4,4.0,18,4.4,2,Rural / Outskirts,8822088.58
2008,3,1.5,11,4.7,0,Suburban,10987276.34
2216,3,1.0,15,2.0,3,Rural / Outskirts,11380104.31
1293,2,2.0,24,3.9,2,Rural / Outskirts,7049904.9
2278,3,1.5,24,4.1,2,City Center,14368431.53
2546,2,1.0,18,8.0,2,City Center,15074665.52
2027,3,3.0,2,18.4,2,Rural / Outskirts,10116586.19
2832,2,2.0,11,2.6,0,Suburban,14153512.57
1374,2,3.0,29,1.0,1,City Center,10068545.59
1115,3,3.5,4,4.5,2,Suburban,8058041.98
822,4,1.0,1,5.1,1,Suburban,6612710.71
2623,1,3.0,21,1.2,0,Gated Society,14241691.28
2160,3,3.5,6,9.3,2,City Center,14184338.24
1769,2,1.0,12,27.3,2,City Center,10598015.14
1954,2,1.0,24,18.9,0,Rural / Outskirts,8207088.78
1181,1,3.0,14,,2,Gated Society,9243978.01
3145,2,1.0,21,13.5,2,Suburban,15230384.07
1871,3,1.5,2,7.9,1,Gated Society,11607707.03
1860,1,1.0,27,3.9,2,Suburban,9990814.1
2199,3,2.5,20,5.1,1,Gated Society,13324452.7
2065,4,3.5,19,12.3,0,Suburban,11454430.8
1923,1,1.0,4,4.3,1,City Center,12747712.83
1365,3,2.5,23,3.0,1,Gated Society,10013329.67
2059,2,1.0,7,4.4,1,Suburban,11311459.78
2835,3,1.0,21,5.6,2,Rural / Outskirts,13315656.56
2540,2,3.0,0,1.4,2,Suburban,14097271.86
2676,2,1.5,7,15.0,1,Rural / Outskirts,12324219.14
1519,2,3.5,23,7.3,2,Rural / Outskirts,7932286.3
1256,1,1.5,17,6.5,0,City Center,9177197.96
1731,2,2.0,19,1.0,0,Gated Society,10850960.45
1831,3,3.0,27,6.0,2,Suburban,10432836.37
2402,4,3.0,15,1.0,0,Rural / Outskirts,11971339.21
869,3,1.5,17,1.0,1,Suburban,6536272.91
2641,3,4.0,19,4.9,2,Gated Society,15709219.04
1713,1,3.0,11,3.4,1,Suburban,9772861.9
1565,2,1.5,12,5.8,2,City Center,11264494.58
1243,2,3.0,12,1.0,1,City Center,10403587.14
890,2,1.0,9,3.7,0,Suburban,5815366.91
2253,3,1.5,6,1.2,1,Gated Society,13453557.53
1840,3,1.5,24,28.3,1,Suburban,9237764.49
1091,2,2.5,13,5.4,1,Gated Society,8235747.24
1088,2,3.0,29,7.6,1,Suburban,6835187.05
1615,3,3.0,23,2.6,2,Suburban,10133526.34
2718,3,1.5,15,1.0,2,City Center,16539939.29
1657,2,1.0,14,24.2,1,Gated Society,9537208.18
973,4,1.0,11,2.2,1,Rural / Outskirts,5966631.4
1665,4,3.5,8,3.6,1,Suburban,11052368.54
1650,2,1.0,7,6.8,2,City Center,11902512.49
600,2,3.0,17,1.0,3,City Center,7756129.44
1770,3,4.0,22,10.8,1,Gated Society,11565159.88
1673,4,2.5,17,5.0,2,Suburban,10518591.4
2183,4,1.5,12,2.1,1,Gated Society,13605587.34
2817,1,2.0,27,1.0,0,Suburban,13728983.61
2420,2,2.5,26,1.2,0,Gated Society,13857246.25
1652,3,4.0,17,14.7,1,Gated Society,10720811.82
1191,3,2.0,14,7.5,1,Suburban,7673379.19
3215,2,2.5,3,,0,Suburban,16244427.16
1833,4,1.0,16,1.0,2,City Center,13151568.23
1808,3,3.0,4,7.6,1,Suburban,10589407.16
1787,3,4.0,21,5.5,1,Rural / Outskirts,9123803.86
1909,4,2.0,15,3.4,1,Suburban,11350828.8
1721,3,4.0,8,2.9,0,Gated Society,11636720.52
1484,2,2.5,9,1.6,1,Suburban,9225664.67
1499,3,3.0,23,7.2,1,City Center,11119720.83
1782,2,4.0,17,22.9,1,Suburban,9657366.11
1501,3,2.0,16,,0,Suburban,8707687.77
1408,2,1.5,17,5.9,1,Suburban,8311920.63
1859,3,2.5,6,3.6,0,City Center,12423952.38
1660,2,1.5,3,3.8,2,Suburban,9997377.2
2627,1,1.0,25,1.9,2,City Center,15307687.49
600,2,1.5,4,11.3,0,City Center,6516626.18
2400,1,1.5,27,4.3,1,Suburban,11934950.42
2485,3,3.5,22,5.1,0,Suburban,12958818.81
660,3,2.5,15,2.4,1,Rural / Outskirts,4691029.45
1612,3,1.0,2,1.3,1,Suburban,10211165.77
1596,2,1.5,25,1.0,1,Gated Society,10047314.15
1026,1,3.0,17,8.1,1,Suburban,6570728.64
1372,1,2.0,28,1.4,2,Gated Society,9611153.54
1189,2,1.5,22,7.6,1,Suburban,7205931.32
2764,4,1.0,20,3.2,1,Rural / Outskirts,13022336.41
2315,2,1.5,13,3.5,1,Suburban,12278497.91
2499,2,2.0,14,4.1,2,Gated Society,14676687.04
2197,1,1.0,16,3.0,2,Suburban,11685105.42
1179,2,2.5,0,1.0,1,City Center,10088163.61
1512,3,1.0,24,,2,Gated Society,10416951.11
2069,3,2.5,20,7.1,1,City Center,13214929.31
1128,2,1.0,16,7.1,2,Suburban,7422082.42
2192,1,4.0,22,2.2,2,City Center,13985451.51
1668,2,2.0,24,4.0,0,Suburban,9036615.76
1594,2,2.0,10,1.4,2,Rural / Outskirts,8959135.1
2191,2,1.0,16,1.5,1,Suburban,11783697.06
2044,4,4.0,25,1.0,1,Gated Society,12781778.27
1601,3,1.5,13,14.8,1,Suburban,9220054.07
2438,3,2.0,28,1.5,2,Suburban,13476375.2
1205,2,2.5,19,1.7,1,Rural / Outskirts,6631791.6
2139,2,2.5,29,2.1,0,Rural / Outskirts,10093994.34
2126,3,3.0,18,1.0,2,Gated Society,13956953.62
1630,3,3.5,20,6.6,0,Suburban,9349695.68
1979,3,4.0,6,1.0,0,Suburban,11718783.21
1112,2,3.5,23,1.0,1,City Center,9843946.48
2308,3,3.5,12,6.7,1,Suburban,13183782.43
1698,2,2.5,17,2.7,1,Suburban,9843203.38
1513,4,3.0,22,8.0,0,Gated Society,10632427.15
2377,3,3.5,29,5.3,3,Rural / Outskirts,12128373.53
1413,3,3.5,13,1.9,2,Suburban,9793238.61
1025,1,1.0,0,6.8,1,City Center,8749567.76
944,3,1.0,6,1.0,1,Rural / Outskirts,5812780.32
2133,1,1.0,7,5.0,1,City Center,13607289.68
1096,2,1.5,17,3.7,1,Suburban,7050550.21
2765,2,3.5,8,2.0,0,City Center,16799410.97
655,3,1.5,0,6.0,0,Suburban,5911924.01
2733,2,3.0,28,13.3,2,Rural / Outskirts,12716448.7
1916,2,4.0,21,30.0,1,City Center,11392288.78
1747,4,2.5,16,6.1,1,Suburban,10493898.36
1500,2,3.5,18,3.4,2,Suburban,9217534.99
2020,3,2.5,26,1.7,2,Rural / Outskirts,10237035.61
1779,2,4.0,5,1.9,1,Rural / Outskirts,9639028.12
2407,1,1.0,2,4.2,2,City Center,14507591.78
1863,3,3.5,23,3.0,0,City Center,12479975.96
1883,1,2.0,4,15.9,2,Suburban,10506169.16
1600,3,1.5,1,3.0,1,Suburban,9875214.47
1769,3,1.5,19,3.0,2,Gated Society,11852853.1
1969,3,3.5,24,3.1,3,City Center,13803270.44
859,3,4.0,3,11.8,2,City Center,8807415.9
1058,2,1.0,9,6.8,2,Gated Society,8323691.24
2209,1,1.5,9,6.2,1,City Center,13538835.74
1894,3,1.0,23,2.6,1,Rural / Outskirts,8916615.95
1699,3,3.0,20,11.1,1,City Center,11795755.46
1810,3,2.5,10,1.0,2,City Center,13005691.59
1991,3,4.0,26,13.3,2,Rural / Outskirts,10005445.09
1503,3,2.0,15,4.7,1,Suburban,9253976.11
1372,3,2.5,25,3.3,2,Gated Society,10001639.27
1908,2,2.5,28,4.5,2,City Center,12635658.75
1262,3,3.0,28,7.2,3,Suburban,8464563.97
2025,2,1.5,29,1.0,2,Gated Society,12647714.22
864,2,2.0,16,13.3,1,Suburban,5766577.81
2366,4,1.5,15,3.8,0,Gated Society,14020069.79
2060,4,3.5,6,2.7,0,Suburban,11874359.84
1941,2,2.5,15,1.0,1,Suburban,11058732.18
2340,1,3.5,2,3.8,1,Suburban,13066775.82
2716,2,1.0,25,4.5,2,Suburban,13966887.78
2358,3,2.5,15,3.4,2,City Center,14892017.83
788,4,1.5,7,7.4,1,Suburban,6193310.9
1096,2,2.5,29,3.6,0,Suburban,6683730.82
1456,1,1.0,11,21.2,0,Suburban,7417133.59
1814,4,3.0,2,5.9,0,Gated Society,12248077.29
2085,2,3.5,16,10.7,1,Suburban,10674734.13
1401,3,3.5,20,1.0,1,Rural / Outskirts,7804550.58
1903,4,1.5,17,3.3,0,Suburban,10833674.86
1385,1,2.5,10,2.7,1,Suburban,8325314.16
1464,3,1.5,3,5.5,0,Gated Society,10030014.5
1026,1,3.0,15,12.8,1,Suburban,6654779.74
1292,2,2.5,16,1.0,1,Suburban,8392991.78
1057,3,2.5,8,1.0,1,City Center,9568475.12
1263,2,1.5,5,12.3,1,Suburban,7604384.49
2380,5,1.5,23,1.6,3,Suburban,13730982.84
1278,3,1.0,26,7.2,1,Rural / Outskirts,6430351.94
3248,2,4.0,19,5.1,1,Suburban,16255748.48
2071,2,4.0,24,11.6,2,Rural / Outskirts,9931644.05
1902,2,3.0,1,1.0,1,Gated Society,12687771.36
1328,2,4.0,8,1.0,2,Suburban,9153538.03
2185,1,1.0,27,5.3,1,Suburban,10918516.51
1483,2,3.5,20,19.0,1,Gated Society,9278041.19
1867,2,2.5,28,3.5,0,Rural / Outskirts,8912651.85
3208,3,1.5,5,2.6,1,City Center,18397395.05
1747,3,2.5,2,6.1,1,Suburban,10599862.61
2432,3,2.5,19,17.3,0,Suburban,12032069.82
1413,1,2.0,5,11.8,1,City Center,9832206.32
1781,2,3.5,6,30.0,1,Suburban,9222200.63
2774,3,2.0,0,1.0,0,Rural / Outskirts,13488271.42
1455,3,4.0,22,1.0,2,Suburban,9765322.38
2797,1,2.5,0,6.1,1,Gated Society,15821042.38
2189,3,1.5,4,11.2,0,Suburban,11545365.96
1491,3,2.5,5,2.2,1,Suburban,9644008.09
2148,3,3.5,12,1.8,2,City Center,14468614.24
2335,1,2.0,1,10.1,1,Gated Society,13503556.45
2142,3,1.5,14,1.0,1,Rural / Outskirts,10745414.78
936,3,2.5,14,3.0,1,Gated Society,8095909.43
1400,3,3.0,12,4.6,1,City Center,10775635.98
1664,3,3.5,25,,2,City Center,12075660.23
1759,3,3.5,24,8.5,2,City Center,12481494.39
2141,3,3.0,13,2.8,0,Suburban,12104433.32
1898,2,2.5,25,6.2,1,Gated Society,11410858.31
1066,3,3.5,21,5.7,2,City Center,9430888.21
2009,3,1.5,6,5.2,0,Gated Society,12215514.01
2136,3,2.5,13,6.6,3,Suburban,12264818.67
2108,2,2.5,25,2.0,2,Gated Society,12616601.18
2394,2,2.0,23,1.0,0,Rural / Outskirts,11296007.78
2259,4,3.5,26,1.0,2,City Center,14908741.11
2053,3,3.5,28,1.7,1,Rural / Outskirts,10426273.37
1761,4,3.0,9,4.5,2,City Center,12933863.56
886,3,2.0,16,11.9,1,Suburban,6170566.14
2036,3,4.0,13,7.9,1,Rural / Outskirts,10227366.54
1914,3,2.0,7,10.1,1,Rural / Outskirts,9484213.6
1949,4,3.5,3,2.8,2,Suburban,12038975.75
1098,3,2.5,25,3.4,0,Suburban,7170848.88
1205,3,2.0,15,3.3,1,Gated Society,9471800.15
2379,2,3.0,23,1.4,0,Gated Society,13842508.85
1778,3,2.0,12,1.0,1,City Center,12560989.34
2175,3,3.0,21,5.8,1,Gated Society,12956446.65
1816,2,4.0,26,29.4,1,Suburban,9110306.15
1816,2,2.0,24,1.2,1,Suburban,10362801.61
2316,2,3.0,26,1.0,0,Suburban,12288487.83
1516,2,2.0,19,9.8,0,Suburban,8408770.85
1853,2,4.0,17,1.9,0,Rural / Outskirts,9298867.39
1546,2,2.0,13,11.5,1,Suburban,8901592.45
1561,4,1.5,17,7.9,3,Rural / Outskirts,8819161.9
1630,3,3.0,4,18.9,0,City Center,11067995.07
1922,2,4.0,25,3.4,2,Gated Society,12180490.91
1537,1,3.0,8,7.1,2,Gated Society,10317760.91
2491,3,3.0,27,4.1,1,Gated Society,14613423.18
1308,2,1.0,2,6.5,1,Suburban,7948653.55
1697,3,4.0,7,3.9,2,Suburban,10865089.9
1558,3,2.0,19,1.4,0,Rural / Outskirts,7896402.31
2596,3,3.0,21,4.6,1,Gated Society,14835197.53
1908,2,3.5,9,4.9,2,City Center,13325908.53
2368,3,1.0,21,10.8,1,Gated Society,13496818.67
983,2,1.5,18,8.6,2,Suburban,6385583.13
1947,4,3.0,29,7.1,0,Suburban,10875559.82
2289,3,3.0,20,1.0,2,Rural / Outskirts,11769146.8
1845,2,1.0,27,8.3,1,Suburban,9879242.3
2386,2,2.0,2,4.5,1,Gated Society,14169720.75
1515,2,3.5,10,14.6,1,Suburban,9076830.51
2575,3,1.5,10,16.4,1,City Center,14940201.04
3064,2,3.0,16,1.0,2,Suburban,16052823.01
1600,3,2.0,15,11.2,1,City Center,10958537.64
1555,2,4.0,6,1.0,2,Gated Society,11195890.46
2599,3,3.5,3,3.0,1,Suburban,14230392.7
2669,3,4.0,29,5.1,0,Suburban,13900611.94
1512,3,3.5,22,1.0,0,City Center,11142962.12
1569,3,1.5,18,8.9,0,Suburban,8883824.78
1645,2,2.5,11,1.0,1,Gated Society,10894335.22
1061,1,3.5,14,1.2,1,City Center,9058175.4
1295,3,2.5,10,5.7,2,Suburban,8548442.19
1248,2,4.0,4,8.1,2,Rural / Outskirts,7618568.73
1378,2,3.5,4,16.2,0,Gated Society,9208777.36
1781,1,1.5,14,7.9,1,Gated Society,10795754.06
1929,2,1.0,28,7.2,1,City Center,12005858.46
2653,1,1.5,17,3.3,1,Suburban,13736609.28
1251,4,1.5,10,1.0,0,Rural / Outskirts,6758798.91
2341,2,1.0,25,1.0,0,Gated Society,13196418.09
1682,3,1.0,11,5.0,2,Suburban,9785311.47
1773,1,2.0,1,7.3,2,Gated Society,11004733.43
2171,3,3.5,19,3.5,0,Suburban,11855536.81
1183,2,4.0,14,8.5,1,City Center,9737289.49
2010,4,2.0,19,4.8,1,Gated Society,12526399.47
1892,4,1.0,3,1.0,2,Gated Society,12876637.73
2071,2,2.5,21,1.4,1,Suburban,11478365.73
1959,4,4.0,17,11.9,0,Rural / Outskirts,9694268.19
3150,5,2.5,5,8.4,2,Suburban,17185693.44
1449,3,1.5,22,14.6,1,Suburban,8061513.42
1508,3,3.0,26,1.0,1,Rural / Outskirts,8115117.98
1457,2,1.5,25,30.0,1,Gated Society,7914844.38
1494,3,1.5,18,1.5,1,Suburban,9184080.3
1449,1,3.0,10,1.0,1,City Center,10804501.11
2454,1,3.5,27,30.0,1,City Center,12979995.65
2581,5,1.0,23,2.1,1,Gated Society,15270429.78
1486,2,2.5,1,7.2,0,Suburban,8740188.82
1342,3,1.5,26,1.3,2,Gated Society,10124693.22
2059,3,3.0,7,5.6,0,Rural / Outskirts,9837713.03
1496,4,2.0,28,15.2,0,Gated Society,9535886.54
2148,5,1.5,10,2.5,2,Suburban,12791785.51
1912,2,2.5,4,7.2,2,Gated Society,12245844.52
966,1,1.0,17,1.4,2,Suburban,6540937.57
2651,2,1.5,22,6.4,1,City Center,15330553.08
2788,2,1.5,29,2.7,1,City Center,16134294.44
1463,1,3.5,17,1.5,2,Suburban,8867106.61
1587,2,3.0,13,2.4,2,Rural / Outskirts,8442322.36
1957,3,2.0,21,1.3,1,City Center,12856842.92
1984,3,2.0,9,15.1,2,City Center,12716787.39
2162,2,4.0,2,3.3,0,Rural / Outskirts,10936594.82
2906,3,1.0,8,1.8,3,City Center,17716280.71
1703,2,4.0,2,3.9,2,Gated Society,12105818.52
1361,1,2.5,10,2.5,2,Suburban,8767617.61
1041,3,1.0,11,8.9,2,City Center,9194205.55
1398,3,1.5,11,23.1,2,Rural / Outskirts,6424974.52
1782,3,1.5,2,3.7,0,City Center,12523941.38
2787,1,2.0,20,12.8,1,Suburban,13483643.64
1515,3,2.5,6,5.4,0,Suburban,9419939.29
1923,3,3.0,13,1.1,1,City Center,13022389.94
1791,3,2.5,23,7.6,2,City Center,12254744.43
2454,3,1.5,27,4.7,1,City Center,14894042.86
3190,4,3.0,10,6.8,1,City Center,18599026.4
1508,3,2.5,6,14.3,1,Gated Society,10029385.42
1531,3,2.5,24,3.8,2,Suburban,9728966.4
2374,5,3.0,20,15.0,0,Suburban,12384945.41
2175,3,1.5,9,9.0,1,Suburban,11808323.19
2816,2,2.5,10,4.4,0,Rural / Outskirts,13230430.73
2121,3,3.0,14,6.0,2,Rural / Outskirts,11237424.26
1602,2,3.5,18,2.6,0,Gated Society,10536895.99
2125,2,3.5,15,26.7,2,Rural / Outskirts,9506738.77
2410,3,1.5,21,7.2,1,Suburban,12553955.6
2251,4,3.0,20,1.0,0,Suburban,12642124.63
2079,4,3.5,27,2.6,2,Suburban,12330627.09
2387,2,3.0,19,6.3,0,Suburban,12597696.41
2443,3,2.5,11,1.0,1,Suburban,13649688.6
2560,2,1.5,17,1.0,0,Suburban,13103472.65
2157,5,3.5,22,3.9,1,Rural / Outskirts,11437306.78
1708,5,4.0,12,2.6,1,Gated Society,12303078.22
1881,3,2.5,4,3.7,1,Suburban,11292845.4
2464,3,4.0,3,2.0,0,Gated Society,15087226.14
1351,3,4.0,27,1.2,1,Suburban,9127622.63
2003,3,1.0,13,7.6,2,City Center,13074773.69
1584,1,1.0,7,4.7,2,Suburban,9172100.53
1816,2,1.5,8,1.5,1,Suburban,10569189.41
2503,3,3.5,24,2.5,1,City Center,15689953.05
1905,3,3.5,18,5.8,1,Gated Society,12226451.49
1826,2,3.5,2,1.0,1,Suburban,11274788.21
1052,4,3.0,4,1.0,0,Suburban,8039610.5
2210,2,2.5,20,1.0,1,City Center,13950781.21
2155,3,3.5,25,10.9,1,City Center,13632900.39
2990,3,2.5,17,9.1,1,Rural / Outskirts,13855231.18
1631,3,1.5,0,9.1,1,Suburban,9762648.01
1921,3,4.0,7,8.2,2,Rural / Outskirts,10040031.35
1937,2,3.5,18,7.2,0,Rural / Outskirts,9261131.81
2668,2,1.5,16,4.2,1,Suburban,13922544.05
1748,3,3.5,16,6.7,2,Suburban,10739186.44
1953,3,1.0,10,1.0,1,Rural / Outskirts,10019351.51
2134,2,2.0,1,6.3,1,Rural / Outskirts,10556046.34
1903,3,1.5,5,9.8,1,Suburban,10742372.29
1554,2,3.5,21,4.5,0,Gated Society,10019229.72
1907,3,2.0,13,2.9,1,Gated Society,12186804.63
2390,3,1.5,2,2.1,2,Suburban,13531370.84
1235,2,3.0,11,6.7,0,Suburban,7514107.37
1873,1,3.5,3,7.7,1,Gated Society,11491783.93
1415,3,3.0,11,13.3,2,Gated Society,10262689.89
2457,3,1.0,12,2.7,2,City Center,15346050.93
962,3,3.5,1,9.5,1,Suburban,7263696.27
1493,3,4.0,1,5.4,2,City Center,12021612.83
2007,3,1.0,14,13.9,1,City Center,12360109.95
2661,4,2.0,22,4.9,0,Rural / Outskirts,12510070.76
1764,3,1.5,28,4.7,1,City Center,12075032.17
1495,3,2.5,16,5.6,1,City Center,10981042.03
2835,2,1.0,6,9.0,2,Suburban,14512146.05
1004,2,2.5,29,21.7,0,Suburban,5314792.13
600,3,2.5,27,1.0,1,Suburban,5287646.24
2042,2,1.5,13,1.0,1,City Center,13454386.64
1524,4,2.0,11,18.0,1,City Center,10332997.32
1238,3,1.5,29,4.9,0,City Center,9229837.51
2190,3,3.5,16,6.2,1,Suburban,12275573.83
1934,2,1.0,13,4.3,2,Suburban,11185722.4
1490,1,2.5,5,1.0,1,Rural / Outskirts,7638659.44
1096,1,1.5,18,9.5,1,Suburban,6319679.16
2280,2,1.5,23,8.9,1,City Center,13445681.94
2158,1,1.5,5,2.4,1,Gated Society,13017906.97
1745,3,1.0,26,2.4,1,Suburban,9927551.38
2816,4,2.0,17,11.8,2,Gated Society,15704525.58
1211,4,4.0,23,1.0,3,Suburban,9113120.37
961,3,1.5,4,13.8,1,Suburban,6838458.8
1419,2,1.0,23,1.9,1,Gated Society,9626906.47
1775,4,2.5,23,5.8,2,Rural / Outskirts,9409620.42
1934,4,3.5,5,17.9,1,Suburban,11048753.58
1667,2,4.0,1,7.4,1,Suburban,10217010.49
1994,3,3.0,7,3.5,1,Suburban,11440221.72
1112,2,4.0,14,7.6,2,Rural / Outskirts,6422653.68
2594,3,4.0,14,2.7,1,Rural / Outskirts,12925943.9
1755,5,1.0,10,2.1,2,City Center,12878475.58
2415,1,3.0,21,30.0,2,City Center,13444501.89
1988,4,1.5,21,9.0,1,Suburban,10898481.18
2051,3,1.5,23,6.7,2,City Center,13194905.68
2113,5,4.0,0,2.9,2,Suburban,13058268.92
2046,2,1.0,17,1.0,1,City Center,13162295.9
2153,3,3.0,11,1.0,0,Suburban,12305142.53
2531,1,1.5,11,5.3,0,Rural / Outskirts,11351716.31
1908,2,2.5,24,9.3,1,Rural / Outskirts,9119430.27
2190,1,2.0,10,5.0,1,Suburban,11636547.78
1751,5,2.0,27,11.9,1,Suburban,9610759.11
2592,3,1.5,7,1.0,0,Rural / Outskirts,12488127.24
1428,4,3.0,27,3.0,2,City Center,11246997.18
2791,4,3.5,6,1.8,1,Gated Society,16689739.21
1778,1,1.5,22,3.9,1,Suburban,9684673.38
1013,2,3.5,20,1.0,1,City Center,9016494.13
1870,1,3.5,1,20.0,1,Suburban,10226836.7
1425,2,3.0,10,1.6,1,City Center,10955090.92
2262,2,3.5,21,16.6,1,Gated Society,12769460.54
1441,2,2.5,9,3.6,0,Suburban,8840215.33
1555,2,3.0,2,27.5,2,Suburban,8617837.19
761,1,1.5,19,5.2,2,City Center,7974051.5
1551,2,4.0,28,17.4,1,Rural / Outskirts,7173416.6
600,2,2.5,9,1.0,2,Suburban,5880326.78
929,5,1.0,27,9.0,2,Suburban,6707952.52
2218,3,2.0,26,15.2,0,Suburban,11274296.4
2232,4,1.5,17,1.0,3,Suburban,13120969.31
2034,2,1.5,13,1.0,2,City Center,13410785.75
1268,2,1.5,17,3.6,1,Gated Society,8916561.14
1774,3,2.5,27,17.6,0,City Center,10853103.99
1798,2,1.0,23,5.1,0,City Center,11520468.62
1163,2,4.0,7,4.9,0,Gated Society,8731461.7
2627,2,3.0,9,1.0,2,City Center,16555925.35
2283,2,1.0,21,1.0,1,Suburban,11874287.86
1678,2,2.5,12,10.8,2,Suburban,9707492.51
1815,2,1.5,20,1.0,2,Suburban,10339322.57
1915,3,2.0,7,6.5,1,Gated Society,12197383.52
677,1,1.5,3,16.0,2,Suburban,5022171.29
1664,2,3.0,26,1.5,0,Suburban,9554364.54
1425,3,3.5,3,7.1,1,Gated Society,10183769.78
1249,2,2.0,4,1.0,1,Suburban,8175333.52
1645,2,1.5,0,6.0,0,Suburban,9623698.54
2789,4,4.0,16,1.2,0,Suburban,15234339.29
2152,2,2.0,1,8.7,2,Suburban,11547993.14
1486,1,3.5,29,2.3,2,Rural / Outskirts,7724601.33
2115,3,1.0,7,4.0,1,Gated Society,12803156.3
2570,2,2.5,6,5.9,2,City Center,15680971.88
2309,3,1.5,14,1.2,2,City Center,14802881.03
1833,3,3.0,25,8.8,1,City Center,12484930.23
1444,2,1.0,24,2.3,0,City Center,9902614.47
2184,3,1.5,4,7.1,2,City Center,13961599.2
2016,3,1.0,1,1.1,1,Suburban,11745757.39
2292,2,3.0,6,7.6,0,Rural / Outskirts,10911356.83
2149,3,1.5,7,1.0,1,Gated Society,13604060.58
2377,2,3.5,27,3.6,2,City Center,14757889.9
1506,3,3.5,6,1.8,1,Suburban,10042147.11
2525,1,3.0,29,9.0,1,Suburban,12614928.35
1909,2,2.0,6,2.0,1,Gated Society,12281040.72
2941,2,3.0,27,13.9,3,Gated Society,16376009.83
1421,3,2.0,13,14.5,0,Rural / Outskirts,6764595.38
2755,1,1.5,20,1.4,1,Suburban,14112039.92
1909,2,2.0,17,6.2,2,Gated Society,11852352.26
1442,2,1.5,5,1.0,0,City Center,10702357.01
1534,3,1.5,3,3.2,3,Suburban,9810761.35
1624,3,4.0,9,8.1,2,City Center,12056522.41
2033,3,2.5,17,7.0,2,Suburban,11389153.65
2088,3,1.5,11,6.4,1,Suburban,11765335.47
1484,4,2.0,15,2.2,1,Suburban,9804783.7
1787,2,2.5,24,3.1,2,City Center,12193053.65
2978,3,2.5,6,1.0,3,City Center,18131453.13
2750,3,1.5,5,8.3,0,City Center,15766989.99
2040,5,3.0,27,4.6,2,City Center,14058617.45
1821,4,3.0,4,8.0,1,City Center,12801788.46
1866,2,3.5,2,1.9,0,City Center,12719931.06
2137,2,2.5,11,2.5,1,City Center,14089225.95
1237,3,1.5,14,2.6,2,Rural / Outskirts,7011048.24
1658,3,4.0,9,1.0,1,Suburban,10636196.92
882,3,3.0,25,2.7,1,City Center,8555433.0
2020,3,4.0,19,10.6,3,Suburban,11559063.03
2156,3,1.5,18,14.8,1,Rural / Outskirts,9583121.53
1534,2,1.5,15,4.7,1,Gated Society,10262053.97
2666,4,2.5,27,4.0,1,Suburban,14489939.89
1126,2,4.0,10,1.0,1,Suburban,8080897.76
995,2,3.5,7,13.7,2,Gated Society,8313836.23
1923,2,2.5,2,1.0,2,Gated Society,12564752.86
2376,3,1.0,22,18.8,1,Gated Society,13123880.98
2726,2,4.0,6,4.4,2,Rural / Outskirts,13775650.8
1548,2,3.0,22,2.7,0,Rural / Outskirts,7583784.27
2393,4,3.0,28,,1,Suburban,12498773.58
1779,2,3.0,6,1.0,1,Suburban,10356844.79
1705,3,2.0,13,5.7,0,Suburban,9901804.15
2286,3,1.5,1,5.2,1,Gated Society,13760164.83
2159,3,2.5,9,1.6,1,City Center,14010916.76
933,3,3.0,18,3.6,0,Rural / Outskirts,5487075.19
2612,2,1.0,25,6.9,1,City Center,14651988.61
2559,3,3.0,8,8.4,1,Suburban,13811434.44
1456,2,3.5,15,1.0,1,Rural / Outskirts,7706389.76
2018,3,1.5,18,18.0,2,City Center,12367270.3
2072,2,4.0,17,1.2,1,Suburban,11843173.53
1943,3,1.5,8,1.7,1,City Center,13130040.77
1497,2,4.0,15,2.0,2,Suburban,9929622.1
1431,2,4.0,12,1.0,2,City Center,11179935.77
1786,2,2.5,9,1.0,1,Suburban,10795709.81
2445,2,2.0,24,27.9,0,Suburban,10961723.97
2099,3,4.0,19,2.5,2,Rural / Outskirts,11195799.63
1596,2,4.0,13,1.0,1,Rural / Outskirts,8831296.65
2224,4,2.5,11,1.0,2,City Center,15051662.58
600,4,3.0,24,8.3,2,Gated Society,6733128.3
2432,3,3.5,18,12.5,1,City Center,14486768.2
843,2,1.0,6,1.9,3,City Center,8382780.23
1601,2,2.5,22,1.0,1,City Center,11718612.37
1184,3,2.0,14,1.6,0,Rural / Outskirts,6433366.12
1088,2,2.5,15,1.0,2,Rural / Outskirts,6235759.84
2438,1,1.5,26,1.0,1,City Center,14176831.09
1543,3,3.0,7,3.7,2,City Center,11943315.23
1991,3,3.0,9,1.7,3,City Center,14039626.62
1774,3,4.0,3,4.7,2,Suburban,10850827.34
2062,2,3.0,18,1.9,1,Suburban,11705517.32
1842,3,3.0,18,18.3,1,City Center,11934197.04
1094,2,3.0,27,15.4,1,Gated Society,8074983.98
2348,2,3.0,20,5.4,1,Suburban,12719942.46
1528,4,1.0,26,2.8,1,Rural / Outskirts,7363933.51
944,2,2.0,14,3.1,2,Gated Society,8401355.32
1565,2,4.0,13,3.5,2,Suburban,10131848.42
2625,1,3.0,0,8.5,0,Gated Society,14514952.9
2268,4,4.0,15,3.9,1,Gated Society,14173236.36
1608,3,2.0,9,12.6,2,Suburban,9646710.52
1608,3,3.5,18,18.7,1,Suburban,8876541.3
1623,3,3.0,29,2.7,1,Rural / Outskirts,8326408.8
2942,2,4.0,21,5.3,2,City Center,17502906.74
2010,2,2.5,2,1.0,2,City Center,13886191.02
2037,2,4.0,4,1.5,1,Suburban,11834878.74
2367,1,3.0,8,3.5,2,Gated Society,14346996.9
1931,3,1.5,17,1.5,0,Gated Society,12028221.15
1658,4,1.0,10,13.6,3,Rural / Outskirts,8773966.98
1692,1,2.5,15,1.1,0,Suburban,9423212.17
1761,2,2.5,1,4.0,0,City Center,12103023.06
1780,2,1.5,11,6.0,2,Suburban,10134663.53
2200,2,3.0,21,7.7,1,Gated Society,12595200.71
1829,4,1.0,5,3.1,2,City Center,13030937.41
2203,2,2.5,10,13.2,2,City Center,13734612.6
1756,2,1.0,26,5.5,2,City Center,11705411.98
1843,3,2.5,7,3.8,3,Suburban,11645787.83
701,2,3.0,11,1.0,1,Rural / Outskirts,4619788.73
2304,3,3.5,28,4.1,2,Gated Society,13949104.64
1991,2,2.5,26,11.2,0,Rural / Outskirts,9062111.97
2349,3,3.5,29,6.2,1,City Center,14381346.02
600,5,2.5,1,11.6,2,Rural / Outskirts,4887674.92
2949,3,2.0,8,4.4,1,Gated Society,16554309.24
1723,2,3.0,14,1.0,1,Suburban,10219747.61
2410,3,1.5,1,1.0,1,Rural / Outskirts,12251466.08
1228,2,3.5,28,2.3,1,Suburban,7827878.45
2137,1,1.5,0,7.8,3,Rural / Outskirts,10758733.92
1221,2,3.0,9,10.2,0,Rural / Outskirts,5857762.04
1457,2,4.0,1,2.3,1,Gated Society,10483569.36
2853,3,1.5,11,4.4,2,Suburban,14701323.98
1695,3,3.0,22,3.6,1,City Center,11767161.29
1920,4,1.5,7,3.4,0,Suburban,11427231.86
2279,3,3.5,4,1.7,1,Suburban,13117143.54
2073,3,2.0,21,1.0,1,Gated Society,12719765.5
1883,1,1.5,27,1.4,0,Gated Society,11198505.23
2001,1,3.5,0,1.0,2,Rural / Outskirts,10695521.99
3122,3,2.5,14,1.4,1,City Center,17957647.39
1768,2,3.0,5,1.0,2,Gated Society,12550276.02
1911,3,1.0,11,6.4,2,Rural / Outskirts,9711939.55
2378,2,4.0,7,2.5,2,Gated Society,14788523.36
2408,1,1.0,12,23.5,0,City Center,13076601.97
2453,2,3.0,18,1.4,1,City Center,15208724.82
2151,2,2.0,26,2.8,0,City Center,13056334.79
1171,1,1.5,0,2.9,2,Suburban,8258953.47
2698,3,2.0,10,1.0,0,Suburban,14215266.08
1170,1,1.0,19,11.9,1,Rural / Outskirts,5493853.2
1966,3,4.0,0,1.0,1,Suburban,11936711.77
1385,2,3.5,29,18.3,1,Suburban,7535092.03
1765,2,4.0,7,14.5,1,Suburban,10373835.63
1981,2,3.0,4,5.0,1,Gated Society,12527693.21
1977,3,3.0,16,5.1,0,Rural / Outskirts,9754760.7
2032,2,2.0,29,,0,Gated Society,11727951.1
2688,3,3.5,7,3.2,1,Suburban,15157918.68
2049,2,2.0,24,6.8,2,Suburban,11554177.01
1666,3,1.5,9,1.0,1,Rural / Outskirts,9045280.87
2330,2,2.5,1,1.0,1,Suburban,13522652.06
2454,3,3.5,8,4.0,1,City Center,15370776.19
1125,3,2.5,23,5.2,1,City Center,9501059.12
2129,4,4.0,22,14.2,2,City Center,13910448.13
2186,2,1.5,2,1.0,0,Gated Society,12833764.21
1636,1,2.5,17,11.2,2,City Center,11164557.45
2557,1,1.0,6,1.5,2,City Center,15366551.23
1717,3,4.0,14,3.3,2,Suburban,11067930.15
1869,3,2.5,20,2.5,0,Suburban,10501196.06
1705,3,1.5,21,3.3,1,Suburban,9806159.45
1809,2,2.5,19,1.1,2,Gated Society,12145252.39
1197,2,3.0,17,4.6,0,City Center,9428618.28
1008,1,2.0,24,10.5,2,City Center,8447417.98
2677,4,1.0,2,3.8,2,Suburban,14846784.7
1334,3,3.0,27,4.4,2,Suburban,8735598.86
1255,4,3.0,29,12.3,0,Suburban,7552571.47
616,2,1.5,22,8.0,2,City Center,7023597.81
1449,3,2.0,13,4.4,2,Rural / Outskirts,7944131.47
1072,3,2.0,23,1.9,2,Gated Society,8657215.38
2703,2,3.5,1,14.1,0,City Center,15666334.22
2355,3,4.0,13,5.6,0,City Center,14998809.54
1422,4,1.0,21,1.6,1,Rural / Outskirts,7748881.66
3039,4,4.0,10,2.0,0,Gated Society,17592119.33
2340,3,1.5,15,10.6,1,Suburban,12285264.13
1621,2,1.0,7,1.0,2,Gated Society,10730397.77
600,2,3.5,6,30.0,1,Gated Society,5198142.87
3060,4,2.5,10,1.0,2,Gated Society,17774979.0
1036,1,3.0,2,10.3,0,Suburban,6426388.78
895,3,1.0,16,3.3,0,Suburban,6161115.64
2362,3,4.0,13,4.4,0,City Center,14761500.18
3142,3,3.0,5,13.8,1,Rural / Outskirts,14571926.43
2561,5,1.5,7,3.5,2,Suburban,14788390.57
2110,2,4.0,21,5.0,0,City Center,13335463.91
2127,2,2.5,4,1.0,1,Rural / Outskirts,10958640.63
2269,1,1.5,26,1.0,1,Rural / Outskirts,10502310.09
2217,2,2.5,27,1.8,2,Rural / Outskirts,11123234.39
1955,2,2.5,7,7.4,0,Rural / Outskirts,9583776.33
1857,2,3.0,1,1.0,1,Rural / Outskirts,9705927.14
1766,3,1.5,14,1.0,0,City Center,12427293.31
1385,4,1.5,11,3.4,1,Gated Society,10126185.97
1646,2,1.0,16,6.8,1,Gated Society,10453200.12
869,2,4.0,0,8.1,2,City Center,8992164.83
1746,4,1.5,14,1.3,1,City Center,12561605.66
1256,1,1.0,13,1.0,1,Rural / Outskirts,6557512.38
1193,1,2.0,19,18.3,1,Suburban,6409878.8
1899,2,2.0,21,2.0,0,Rural / Outskirts,9192020.35
2566,3,2.0,15,12.5,1,City Center,15224306.2
2305,2,3.5,28,12.9,3,City Center,14235584.97
936,4,1.5,8,9.6,2,Suburban,7063046.17
1256,2,3.5,0,1.2,2,City Center,10693741.7
2317,3,4.0,27,11.2,2,Gated Society,13877863.21
1260,2,1.5,16,9.5,0,Suburban,7168615.49
1676,3,1.0,28,5.9,1,City Center,11321518.54
2103,3,3.5,12,2.7,0,City Center,13781860.78
1267,3,3.5,20,2.0,1,Suburban,8261251.06
1858,3,4.0,25,1.0,0,City Center,12500581.07
1066,3,3.5,20,4.6,1,Gated Society,8787059.65
1469,4,2.5,4,5.7,2,Suburban,9723922.74
1976,3,1.0,9,2.9,2,City Center,13271184.37
924,3,2.0,5,4.2,2,Suburban,7112289.47
2042,1,1.0,23,2.9,2,City Center,12709497.93
1789,1,2.5,18,6.7,0,City Center,11744979.97
2104,2,4.0,24,15.0,0,City Center,12502210.96
1923,3,4.0,12,1.2,2,Rural / Outskirts,10781722.58
2550,2,1.5,0,3.1,1,Rural / Outskirts,12299968.38
1869,2,1.0,19,1.0,1,Gated Society,11489124.19
1564,4,4.0,24,6.4,1,Suburban,9827888.24
1867,4,3.5,14,8.5,1,Suburban,11055447.34
2099,4,4.0,13,17.5,1,Suburban,11601750.01
1827,2,4.0,7,2.1,1,Gated Society,12213479.05
1822,3,4.0,9,19.5,1,Rural / Outskirts,8908595.68
1414,2,4.0,8,1.0,2,City Center,11388992.4
1435,2,2.0,16,6.0,1,City Center,10623421.39
1029,2,2.0,8,1.0,1,Gated Society,8240344.19
2762,2,1.5,2,14.6,0,Gated Society,14658760.33
1116,2,4.0,10,4.9,1,Gated Society,8825821.27
1419,3,1.0,11,7.2,2,Gated Society,9861371.4
1405,1,2.5,9,11.6,2,Rural / Outskirts,7080466.79
2292,3,1.5,24,1.1,2,Suburban,12748875.52
1638,3,1.0,16,1.0,1,Rural / Outskirts,8099344.51
2486,2,4.0,16,13.7,1,Rural / Outskirts,11520370.45
1430,3,3.0,24,2.5,1,Gated Society,10122600.56
1953,2,4.0,10,1.0,1,Suburban,11446145.93
1341,3,2.0,29,4.1,1,City Center,9897384.17
2980,2,2.5,21,5.9,1,Suburban,14973102.24
1147,2,3.5,3,1.0,1,Suburban,8012397.88
1970,1,2.5,6,2.1,2,Rural / Outskirts,9966312.12
2149,3,3.5,20,1.0,0,City Center,13601267.05
2028,4,2.5,25,3.5,2,Suburban,11766139.3
1698,2,2.0,13,14.7,0,Gated Society,10067673.95
1729,3,3.5,6,26.4,0,City Center,11010553.41
1824,3,1.0,23,6.6,3,Suburban,10625942.69
1719,4,3.5,7,1.1,3,Suburban,11477247.69
2330,3,1.5,0,15.4,0,Suburban,12201811.14
3016,3,1.0,23,4.7,1,City Center,17017762.05
1493,3,1.5,21,1.1,0,Rural / Outskirts,7679499.27
1047,4,4.0,3,16.6,1,Suburban,7690897.68
1751,2,2.5,28,9.2,2,Rural / Outskirts,8531476.75
3219,2,1.0,29,8.6,3,Suburban,15935056.39
1358,1,2.5,11,8.0,1,Suburban,8146185.18
2702,3,4.0,23,1.5,1,City Center,16535535.05
2723,3,3.0,2,1.5,1,City Center,17030323.74
1496,1,2.5,12,7.6,1,Suburban,8794083.9
2113,3,4.0,19,1.6,2,City Center,14483648.9
2696,2,2.5,5,3.8,2,Suburban,14562124.67
1591,1,4.0,10,9.9,1,Suburban,9299120.79
1688,5,1.5,22,10.0,1,Suburban,9983654.73
1480,2,4.0,3,3.9,1,City Center,11188171.71
1242,1,3.5,19,10.2,0,Gated Society,8609804.88
1443,3,3.0,15,11.9,2,Rural / Outskirts,7365627.7
1127,3,2.5,6,6.9,1,City Center,9800093.6
1819,1,4.0,21,1.7,1,City Center,12352359.3
1377,3,4.0,28,2.1,1,Rural / Outskirts,7520728.12
1929,3,2.5,10,2.5,2,City Center,13514714.23
944,1,3.0,23,1.0,0,Rural / Outskirts,5069142.48
1982,2,3.0,0,2.1,2,City Center,13513496.02
2258,3,4.0,25,1.5,2,Rural / Outskirts,11876002.73
703,2,1.0,28,3.9,2,Suburban,5415084.85
2006,4,1.5,26,15.5,1,Rural / Outskirts,9737351.81
2475,3,3.0,6,1.0,1,Suburban,13990158.79
1135,5,3.0,11,8.3,1,Gated Society,9417391.52
2720,2,2.0,6,7.6,1,City Center,15859792.93
2030,4,3.5,26,1.0,0,City Center,13509048.88
1412,2,3.0,22,16.6,1,Gated Society,9150369.53
1769,2,1.5,6,5.5,1,Suburban,10379077.43
2107,1,3.5,9,2.9,2,Rural / Outskirts,10892698.77
1842,1,3.5,29,9.2,0,Suburban,9653667.93
2096,3,2.5,15,1.9,1,Rural / Outskirts,10937154.41
1294,2,2.5,25,7.7,2,Suburban,7648387.4
1893,2,2.5,7,1.0,2,Rural / Outskirts,10074901.73
1022,3,2.5,8,11.9,2,Rural / Outskirts,6187917.35
1739,2,2.0,8,3.9,2,Suburban,10471838.8
1303,3,3.0,1,6.6,2,Rural / Outskirts,7437694.56
1395,2,2.5,12,1.6,1,Gated Society,10257099.76
2480,3,4.0,12,7.3,1,City Center,15607542.74
2400,3,1.0,22,9.6,0,Suburban,12159742.15
2135,3,2.5,22,4.2,0,City Center,13467904.44
1199,2,3.0,3,6.3,1,Gated Society,9572166.37
1626,2,2.5,24,4.0,0,City Center,11111213.16
2467,3,2.0,23,14.6,1,City Center,14368854.46
1878,2,1.5,11,4.5,0,Suburban,10122051.87
3076,2,1.5,16,12.0,0,Suburban,14913555.25
2016,1,3.0,1,10.5,2,Rural / Outskirts,10135222.01
1906,2,4.0,12,3.4,0,Rural / Outskirts,9584372.8
1630,3,1.5,28,1.7,2,Suburban,9656099.87
1873,3,1.5,17,3.4,0,City Center,12565010.19
1716,2,1.0,27,11.4,2,Gated Society,10306465.22
2189,2,3.0,27,1.7,2,Suburban,12500800.17
2326,3,4.0,26,4.8,2,Suburban,12870983.91
1368,3,3.0,14,10.7,2,Suburban,8509006.36
1068,2,1.5,7,2.8,0,Suburban,6840533.99
790,2,1.5,14,6.7,3,Suburban,6061750.25
2079,2,1.5,0,1.8,2,Gated Society,13160212.7
1193,4,3.5,19,1.0,2,Suburban,8683328.95
616,1,2.0,9,10.3,2,Rural / Outskirts,3917135.17
2014,4,2.5,11,1.0,1,Suburban,12120573.47
3171,3,2.0,4,2.1,2,City Center,18684468.01
1797,3,3.0,8,12.6,1,Rural / Outskirts,9577009.19
2261,1,1.0,22,2.8,1,Suburban,11595583.01
1845,3,2.5,7,23.5,0,City Center,11483867.06
1746,2,1.0,15,25.3,2,Suburban,8661764.77
2305,2,4.0,13,2.0,0,Suburban,12590502.74
1640,3,3.5,26,1.0,1,Gated Society,11244532.12
1947,5,3.0,24,7.9,1,Suburban,11141740.24
1977,3,3.5,12,3.9,2,Gated Society,12915135.54
1433,3,3.0,22,1.0,1,City Center,11078461.93
2346,1,1.0,20,8.0,1,Suburban,11658729.61
1704,2,1.0,12,,0,Rural / Outskirts,8185651.35
1384,1,1.0,4,13.3,2,Gated Society,9364083.94
2095,3,3.0,15,1.0,3,City Center,14223219.51
1306,4,1.5,25,1.0,2,Suburban,8554373.97
1815,3,1.0,10,1.3,1,Suburban,10643428.28
1795,1,3.5,21,21.0,2,Gated Society,10754308.67
2397,2,4.0,4,7.7,1,Gated Society,14380894.31
2061,3,2.5,12,10.5,1,Gated Society,12524400.29
1786,2,3.0,27,3.3,1,Suburban,10060730.05
2250,3,3.5,10,2.7,1,Gated Society,14193379.54
2565,3,2.0,24,1.7,2,Suburban,14016120.26
2107,3,4.0,18,4.3,1,City Center,13945872.87
1806,2,2.0,2,5.2,1,Suburban,10415228.63
1078,2,2.5,14,6.5,1,Rural / Outskirts,5868448.99
1214,1,1.5,6,1.9,0,Gated Society,8551404.46
1632,2,1.0,6,19.3,1,Suburban,8663868.38
1465,2,3.0,5,1.2,1,Suburban,9278883.4
1697,3,3.5,2,21.9,0,Rural / Outskirts,8040747.93
1831,3,1.0,29,1.0,2,Suburban,10445536.83
2091,1,3.5,12,4.3,2,Suburban,11856011.34
1761,2,3.0,6,2.6,2,Rural / Outskirts,9608512.97
2068,2,2.0,4,3.9,1,Rural / Outskirts,10224751.15
1835,2,1.0,22,5.5,2,Suburban,10054361.66
713,3,2.5,17,3.7,2,Suburban,6345191.91
1283,1,1.5,21,3.5,2,Suburban,7887356.59
1721,2,2.5,29,8.6,1,City Center,11251187.51
1135,2,1.5,7,7.5,1,Rural / Outskirts,6268099.34
2130,4,4.0,16,11.6,3,Suburban,12424293.83
2642,3,3.5,19,1.9,1,Rural / Outskirts,12645171.46
2470,2,1.0,26,6.1,1,City Center,14269067.31
1683,3,1.0,0,5.7,1,Suburban,10326408.13
2620,3,4.0,13,3.0,0,City Center,15965813.33
1882,4,1.5,16,4.3,3,Gated Society,12543120.93
1615,2,2.0,9,2.4,1,Suburban,9667788.56
1463,4,3.0,11,1.0,1,Suburban,9919591.36
1634,4,2.5,15,1.6,2,City Center,12379878.0
1587,4,4.0,13,1.0,1,City Center,12400842.56
1894,3,3.5,29,7.5,0,City Center,12250232.08
1888,3,4.0,26,7.0,1,Suburban,10900458.01
1802,2,2.5,15,19.6,2,Suburban,9742847.3
2040,3,2.5,7,8.5,1,Suburban,11424861.48
2455,3,3.5,22,1.0,2,Suburban,13798456.56
2322,3,3.5,27,14.0,1,Suburban,12020748.22
983,2,1.0,9,12.9,1,Suburban,6003026.1
600,3,2.5,28,3.8,0,City Center,6891420.2
2314,3,3.0,16,5.7,1,City Center,14361212.62
1048,2,3.0,26,24.3,2,Gated Society,7440637.32
1676,3,1.5,29,4.9,2,Suburban,9744951.66
1156,3,4.0,28,15.3,1,City Center,9373892.55
809,3,3.5,17,1.0,1,City Center,8539357.32
2098,2,1.0,19,1.4,2,Rural / Outskirts,10292995.1
2218,2,3.0,15,3.8,1,Gated Society,13102067.31
1483,4,2.0,16,5.7,0,Gated Society,10024363.2
600,2,1.0,15,11.0,3,Suburban,4812829.9
1500,3,1.0,18,28.9,1,Suburban,7788448.89
2015,3,3.0,23,3.2,3,Rural / Outskirts,10538280.22
987,3,2.0,23,1.0,1,Gated Society,8483274.36
1901,2,1.5,7,10.5,2,Suburban,10140190.0
1792,3,3.0,5,6.0,1,Gated Society,12205053.39
2119,2,2.0,5,1.4,1,Gated Society,13110555.88
1866,1,1.0,20,4.4,1,Suburban,9996372.53
1265,2,2.0,28,8.8,1,Suburban,7231670.31
2458,1,1.0,8,9.6,0,City Center,14144512.19
1713,5,4.0,3,4.5,1,City Center,13033795.45
1785,4,3.0,25,2.4,0,Gated Society,11440088.24
1287,2,3.5,11,23.7,2,Suburban,7372520.06
1556,3,3.0,27,7.1,1,Gated Society,10170136.92
1313,2,4.0,11,3.4,0,Rural / Outskirts,7174043.13
1705,3,2.5,22,2.1,0,City Center,11647086.31
2741,3,2.5,16,8.5,0,Suburban,13697483.12
1045,4,2.5,14,1.8,1,Gated Society,9048473.91
913,2,3.0,8,1.2,0,Gated Society,7541508.69
2609,3,1.5,6,4.9,2,Gated Society,15615532.98
1685,2,3.0,9,2.2,0,Suburban,10255553.9
1432,5,4.0,15,6.4,1,Suburban,9416163.74
2372,1,4.0,11,1.0,2,Suburban,13424841.11
1467,3,3.5,24,6.9,2,Rural / Outskirts,7996737.64
2804,3,2.0,6,2.2,0,Suburban,14643793.04
2173,3,3.0,17,1.0,2,Rural / Outskirts,11205992.96
1532,2,3.0,14,1.0,1,Suburban,9579206.1
2987,4,1.0,5,17.6,2,Rural / Outskirts,13940208.86
1467,2,4.0,25,13.1,1,Gated Society,9193942.35
2208,3,1.0,11,1.7,2,Suburban,12841242.59
1965,2,1.0,10,9.8,3,Suburban,11101971.35
2516,2,3.0,19,6.1,1,Suburban,13194338.06
2659,3,1.5,2,23.0,1,Suburban,13099483.82
1818,2,2.0,1,3.0,1,City Center,12524587.11
1386,2,2.0,5,7.4,0,City Center,10392653.71
2053,2,4.0,23,1.0,0,Suburban,11428691.32
1427,2,3.5,21,3.3,0,Gated Society,9847467.43
2907,3,4.0,24,21.6,1,Suburban,14088549.29
1875,4,1.5,29,5.0,1,City Center,12419066.55
1599,1,1.5,4,2.2,1,Rural / Outskirts,8085989.27
1902,2,2.0,17,1.0,0,Suburban,10644781.94
1059,1,2.5,15,7.9,1,Rural / Outskirts,5358453.08
1266,1,1.0,7,6.7,2,Gated Society,9191716.38
2460,3,1.0,24,3.0,1,City Center,14613016.42
1439,3,2.0,29,19.6,1,Suburban,7800316.54
1224,2,4.0,25,1.0,2,Suburban,8338229.32
2095,2,1.5,19,2.4,2,City Center,13246205.24
2452,1,4.0,21,16.5,1,City Center,14140312.53
2195,3,3.5,10,2.5,2,City Center,14636631.19
2348,5,2.5,9,1.9,1,Suburban,13863579.45
1384,2,2.0,23,5.0,2,Suburban,8417953.91
1018,2,1.0,24,11.3,1,Suburban,6219256.7
2626,4,3.0,11,1.0,1,City Center,16300612.44
1623,4,4.0,20,18.6,0,Gated Society,10416182.4
1662,2,1.5,27,10.3,2,Suburban,9115191.66
2531,1,3.0,5,1.3,1,Suburban,13448970.23
2106,1,3.5,26,8.1,1,City Center,13467800.6
2051,3,2.0,19,3.2,1,City Center,13316579.17
2991,2,4.0,4,3.3,2,Suburban,16074549.19
1446,1,1.0,22,9.9,2,City Center,10137058.82
2310,3,4.0,8,21.4,1,Suburban,12030683.2
1831,1,2.5,25,1.0,1,Suburban,10207789.01
1948,3,3.0,26,3.5,1,Suburban,11148957.67
2641,2,2.5,28,4.3,1,City Center,15483746.08
2079,1,3.5,15,3.1,2,Suburban,12124641.08
2096,3,1.0,21,2.9,0,Suburban,11066931.57
2390,2,3.0,13,1.0,1,Rural / Outskirts,12063768.11
1599,5,3.5,21,7.5,1,Gated Society,11356285.27
1338,3,2.5,7,3.7,1,Suburban,8975800.93
1225,2,2.5,26,1.4,1,Suburban,7857422.19
719,3,3.0,19,11.0,1,Suburban,5974889.92
2931,2,1.0,18,10.5,0,Rural / Outskirts,12759085.97
1193,4,2.5,13,4.3,1,City Center,10277599.64
1678,2,2.0,6,2.3,1,Rural / Outskirts,8934085.13
1648,3,3.5,4,6.6,0,Gated Society,11050008.31
1969,1,3.0,17,2.2,0,Gated Society,12044878.6
2249,2,1.5,1,1.7,2,City Center,14596945.11
2273,3,1.5,10,8.5,1,Suburban,12006820.95
1479,3,1.0,21,1.0,1,Suburban,8713513.88
1708,2,2.0,7,1.0,2,City Center,12308252.43
1955,2,2.5,0,1.0,2,Suburban,11884359.32
1663,3,1.5,26,1.1,1,Rural / Outskirts,8047885.48
2684,4,1.0,21,1.0,1,Suburban,14321881.01
2070,1,3.5,11,30.0,1,Suburban,10192627.88
2204,2,2.0,1,2.2,1,City Center,13993769.02
2165,2,2.0,17,1.1,1,Gated Society,12954386.01
2445,4,4.0,6,1.8,2,Gated Society,15661026.05
1900,1,1.0,25,17.9,2,Suburban,9628236.83
1087,2,1.0,16,4.8,0,Suburban,7018137.68
2020,3,4.0,21,2.9,0,Suburban,11326958.66
1442,1,2.5,29,13.4,1,Suburban,7584596.17
1509,3,1.0,22,3.3,1,City Center,11149783.38
2123,2,4.0,13,2.7,0,Rural / Outskirts,10366210.46
2481,2,2.5,23,1.5,2,Suburban,13473011.39
1812,2,2.5,6,3.1,1,Suburban,11000860.67
1970,3,3.0,21,2.5,2,Suburban,11699987.56
2736,2,2.0,24,7.4,2,Gated Society,15357188.64
1932,3,3.5,28,2.2,2,City Center,13487451.9
3231,3,2.0,2,5.6,1,Suburban,16772676.16
2111,3,2.0,26,1.0,1,Gated Society,13041052.67
832,2,3.0,5,1.4,1,Suburban,6635733.87
2214,2,2.5,19,3.4,0,Gated Society,13152593.24
2010,2,2.5,1,18.0,1,City Center,12704426.69
2509,2,1.0,16,3.1,1,Gated Society,13979247.56
2170,2,3.0,11,7.1,0,City Center,13565229.9
1724,3,1.0,11,1.9,1,City Center,11683763.35
1127,1,3.0,29,1.0,2,Rural / Outskirts,6258904.33
1685,1,1.0,16,1.0,0,Suburban,9157960.72
1332,2,1.5,26,2.4,0,Suburban,8103399.48
1481,3,4.0,9,1.1,1,City Center,11769833.63
2124,2,2.0,2,,3,Suburban,12687152.69
2718,3,2.0,19,9.3,1,Suburban,13757239.81
2017,2,3.5,17,1.0,0,Rural / Outskirts,10095623.45
1142,4,4.0,12,5.3,1,Rural / Outskirts,6895581.56
2045,4,2.5,11,3.1,2,Suburban,12422793.18
2458,2,3.5,26,4.6,2,Suburban,13027296.6
1465,2,1.5,26,5.4,1,Suburban,8423765.32
1726,2,3.5,29,2.4,1,Gated Society,10950781.16
1808,2,2.0,26,2.3,1,City Center,12027745.79
1368,3,2.5,16,8.6,0,Suburban,8584647.64
2157,3,1.5,3,13.3,2,City Center,13911728.25
1733,3,2.0,22,1.4,2,City Center,12321726.87
2031,3,4.0,9,1.0,3,City Center,14054011.36
1312,2,1.0,10,14.8,1,Suburban,7409976.32
1559,2,3.0,5,2.8,0,Gated Society,10709237.66
2197,3,1.5,5,5.2,1,Suburban,12109445.62
1595,2,2.5,26,2.9,2,Suburban,9774387.04
2750,3,3.5,8,1.0,2,City Center,17211876.87
1580,2,4.0,29,5.8,0,Suburban,9193147.12
1924,1,3.5,14,4.8,1,Suburban,10775682.15
2313,5,1.5,1,1.5,1,Suburban,13430423.21
1020,2,4.0,3,3.9,1,Rural / Outskirts,6188661.23
832,5,2.5,4,10.4,2,City Center,8852212.27
961,5,1.5,16,5.8,1,City Center,9332590.37
2494,3,2.5,7,1.0,2,Suburban,13988757.85
1496,3,3.5,7,,1,Rural / Outskirts,8367213.43
3207,3,2.0,21,7.9,2,Gated Society,17388265.9
1490,4,4.0,11,10.2,1,Rural / Outskirts,8030054.8
1902,2,1.0,20,6.4,2,Suburban,10576325.35
2648,2,2.0,7,1.1,1,Rural / Outskirts,12682693.3
2903,3,1.0,18,8.1,1,City Center,16459012.3
2934,2,3.5,2,7.4,1,City Center,17027036.07
2465,2,4.0,17,1.0,1,Rural / Outskirts,12105237.81
2363,2,2.0,20,3.4,1,Rural / Outskirts,11211939.29
2126,3,2.0,18,2.6,1,City Center,13698451.62
2228,4,1.5,18,7.2,3,City Center,14732880.79
1497,2,3.0,14,1.6,0,City Center,10957593.73
1350,4,3.5,5,5.8,2,City Center,11926716.49
1798,3,2.5,15,15.9,3,City Center,12373465.11
1706,3,3.5,7,10.4,0,Rural / Outskirts,8306812.24
1551,3,2.5,15,16.5,2,Gated Society,10238381.17
2183,3,4.0,17,25.0,1,Gated Society,12416875.33
2325,1,2.5,19,1.0,0,Gated Society,13181546.38
1849,3,1.0,15,6.3,1,Suburban,10382369.95
2613,1,2.5,10,3.5,2,Gated Society,14946288.53
1172,4,2.5,6,12.8,0,Suburban,7696307.56
1693,5,1.5,16,1.9,1,Suburban,10180536.21
1406,2,2.0,16,25.8,1,Suburban,7550148.52
773,2,3.5,11,6.2,2,Suburban,6109507.73
1755,3,3.5,12,10.3,0,Gated Society,11173060.0
1733,2,4.0,9,1.0,2,Rural / Outskirts,9413712.78
2632,4,4.0,6,1.3,2,Suburban,15225965.61
2147,1,2.5,13,9.2,2,Gated Society,12692416.6
1237,2,3.0,22,1.0,2,City Center,10241697.12
2820,5,3.5,0,11.0,2,Gated Society,17119014.63
2472,3,4.0,16,1.0,0,Suburban,13683750.78
2120,3,2.5,3,7.0,1,City Center,13909535.32
1675,2,4.0,20,3.0,1,Suburban,10082711.4
1272,3,1.0,4,6.1,1,Suburban,8551701.35
1595,3,1.0,19,7.7,1,City Center,11182262.89
2399,3,4.0,23,2.7,1,Rural / Outskirts,11888463.17
2837,3,1.0,22,,1,City Center,16786415.58
2649,3,4.0,24,1.0,3,Rural / Outskirts,13633235.86
1531,2,2.5,6,5.8,0,Gated Society,10055900.53
1184,2,1.5,9,4.8,2,Suburban,7848269.99
1877,3,3.0,16,8.8,1,Suburban,10422393.67
827,2,2.5,28,4.6,1,Gated Society,6693096.38
1978,3,1.5,29,,2,Suburban,10920772.75
1719,2,1.5,6,3.3,1,Gated Society,11248364.59
1544,3,3.5,0,1.0,1,Suburban,10182391.6
923,3,2.5,6,2.7,1,Suburban,6892016.38
2082,2,2.5,25,24.2,1,Rural / Outskirts,8435222.85
1507,1,4.0,23,13.4,2,City Center,10821137.25
1157,2,1.5,10,2.6,2,Suburban,7883552.76
600,3,1.5,8,5.8,0,Suburban,5425028.16
1785,3,1.5,11,12.2,0,Gated Society,11173746.4
2775,1,4.0,2,3.8,1,Gated Society,16054247.74
2714,3,3.5,3,1.0,0,Suburban,14768445.84
1549,2,2.5,3,1.0,1,City Center,11513222.85
1469,3,1.5,27,4.6,0,City Center,10472147.37
2058,4,1.0,24,22.7,1,Suburban,10368325.58
1251,2,2.5,12,7.7,0,Suburban,7510568.53
1966,2,4.0,22,1.0,1,Rural / Outskirts,9610577.16
2221,1,3.5,18,1.4,2,Suburban,12320241.04
2475,1,1.0,9,9.6,1,Suburban,12646400.76
1745,2,4.0,4,12.0,3,Rural / Outskirts,9577676.98
1688,1,2.0,6,6.2,2,Suburban,9836190.17
1317,3,2.5,23,6.7,1,Suburban,8046932.14
1345,2,2.0,15,1.0,0,City Center,10286493.89
1675,3,4.0,0,11.5,2,Suburban,10469734.22
2002,2,4.0,11,10.1,2,Rural / Outskirts,10065078.44
2302,2,4.0,1,1.9,2,Suburban,13099835.31
1358,3,1.5,6,8.0,0,Suburban,8630277.07
2621,4,3.5,10,1.6,3,Suburban,15313111.72
1651,1,1.5,28,1.0,1,Rural / Outskirts,7985524.73
1788,4,3.5,29,1.5,2,Suburban,10863794.33
1389,3,3.0,12,1.3,2,Suburban,9402654.94
600,3,1.5,1,2.7,1,Rural / Outskirts,4404831.1
2286,3,2.0,6,3.5,2,City Center,15027477.03
2205,1,3.5,14,4.6,1,Gated Society,13374749.32
1645,1,1.5,24,4.2,3,Suburban,9261841.19
1837,3,2.5,10,2.1,1,Gated Society,11936458.03
2084,2,4.0,1,1.0,3,Suburban,12862032.81
941,4,3.5,6,6.0,0,Suburban,7128754.72
1509,2,3.5,3,3.3,2,Gated Society,11166977.34
2237,2,1.5,10,2.3,1,City Center,14001749.32
1110,3,3.0,28,13.1,1,Suburban,6740720.57
1961,2,1.5,1,8.9,1,City Center,12428017.09
1054,3,2.0,28,12.7,2,City Center,8809443.03
2057,3,2.0,15,4.4,0,Rural / Outskirts,10068957.1
1780,4,3.5,6,1.0,1,Suburban,11443638.83
912,3,3.5,12,7.7,1,Rural / Outskirts,5631917.25
2441,3,1.5,4,1.5,3,City Center,15175361.64
1396,3,2.0,16,3.8,0,Suburban,8602818.14
1354,4,2.0,20,1.0,0,City Center,10289457.66
1910,2,3.0,11,11.3,1,Gated Society,11412310.76
2432,1,2.5,27,1.0,1,Gated Society,13457532.17
1241,2,3.0,18,15.2,1,City Center,8895766.16
1834,2,1.0,6,13.0,1,Rural / Outskirts,8636016.06
2036,3,4.0,5,4.1,2,City Center,14054086.84
2181,3,3.0,7,8.9,2,Suburban,12133261.05
1897,3,1.5,12,6.3,1,Rural / Outskirts,9431054.86
1598,1,2.5,4,10.6,0,Rural / Outskirts,7341532.02
1345,3,1.5,1,3.7,2,Rural / Outskirts,7920092.77
1847,2,4.0,8,10.0,0,Suburban,10612439.49
1210,3,1.0,29,4.0,2,City Center,9614831.6
600,3,2.5,10,18.4,1,City Center,6985909.39
2040,2,3.5,23,4.3,1,Suburban,11553106.34
2297,2,2.0,5,4.0,1,Gated Society,13742629.39
600,1,3.0,28,10.0,2,City Center,6956021.62
1245,3,1.5,25,11.2,0,Gated Society,8271100.84
2141,4,1.0,6,5.3,1,Suburban,11746754.07
2932,3,2.0,24,1.3,0,Suburban,14645111.95
1811,1,3.0,6,4.1,2,Gated Society,11718516.76
1400,2,2.0,18,22.4,2,Suburban,7808174.37
1699,3,3.0,5,9.1,1,Gated Society,11157431.88
2556,3,3.5,10,10.8,1,City Center,15429555.85
1445,1,2.5,28,1.0,2,Gated Society,9673094.23
1360,1,2.0,10,4.1,1,City Center,10008977.64
1534,3,2.0,6,6.8,1,City Center,11538487.7
1276,2,2.0,1,11.5,1,Gated Society,9179063.66
1867,2,2.5,18,1.0,2,Rural / Outskirts,9536541.93
2694,1,1.0,3,12.4,0,Suburban,13316484.8
1978,3,3.0,25,5.2,2,Suburban,11366219.74
1661,4,3.5,5,1.4,1,Suburban,10793257.99
1640,4,2.0,16,2.5,0,City Center,11964199.55
940,3,4.0,24,2.2,2,Gated Society,8507328.2
2286,3,2.5,4,4.9,1,Gated Society,14158623.28
1757,1,1.0,28,1.0,0,City Center,11290487.16
1701,3,3.0,27,1.1,1,Suburban,10103501.9
3556,2,2.5,29,10.9,2,Gated Society,18196385.2
1964,3,3.5,6,1.0,2,Suburban,12044084.52
1387,2,3.5,8,1.7,3,Suburban,9740605.58
1566,2,3.0,24,3.9,2,City Center,11522258.25
2432,1,2.0,0,4.7,0,Suburban,12973745.07
1862,2,3.5,0,9.4,1,City Center,12595127.96
1009,1,1.0,18,3.9,2,Gated Society,7997574.09
2306,2,2.5,5,10.1,1,Suburban,12138568.2
1433,5,1.0,17,6.3,1,Suburban,9114385.11
2830,2,2.0,9,1.0,1,Gated Society,16241974.23
2394,3,1.0,27,1.1,1,City Center,14743456.43
1554,4,1.0,10,3.7,2,Suburban,9901853.15
2505,5,1.5,0,3.3,1,Suburban,14161250.61
1837,3,1.0,0,8.8,1,Suburban,10332330.42
2269,3,3.0,12,5.7,3,Rural / Outskirts,11751660.81
2067,2,2.5,4,3.2,1,Gated Society,12681563.31
1335,2,1.5,19,1.2,0,City Center,9831225.07
1446,2,2.5,0,1.7,1,Gated Society,10154579.82
2366,3,2.5,19,5.6,2,Suburban,12773839.9
1616,3,2.0,2,3.6,2,Rural / Outskirts,9108705.06
1578,2,2.0,17,4.7,2,Suburban,9588550.94
1275,2,1.5,8,1.2,2,Suburban,8431007.39
2033,3,3.5,13,7.1,1,Suburban,11603758.38
2934,2,4.0,26,12.4,2,Suburban,14924601.22
1213,3,2.0,16,1.9,2,Suburban,8430959.11
1813,3,4.0,22,4.4,0,City Center,12422197.01
2577,3,2.0,13,24.1,0,Gated Society,13381280.34
1756,3,2.0,28,2.6,3,Suburban,10136444.95
2049,4,2.5,3,5.9,2,Rural / Outskirts,10782260.06
1216,3,1.5,4,1.0,2,Suburban,8556420.53
2036,3,2.5,25,6.1,2,Gated Society,12838533.06
1697,3,3.0,20,1.0,1,Rural / Outskirts,9014584.74
2342,2,2.5,16,20.8,1,Gated Society,12936587.78
2453,1,4.0,21,8.2,1,Rural / Outskirts,11248161.31
3224,2,4.0,28,10.1,0,Gated Society,16876568.8
2119,2,3.0,24,7.9,2,Suburban,11589087.27
1979,3,1.0,1,5.8,1,Suburban,11114778.17
1907,3,1.0,22,3.9,1,City Center,12298379.22
1606,2,3.0,21,12.7,1,Suburban,8933898.0
1986,2,3.0,4,20.4,1,City Center,12540222.54
1638,4,2.5,3,4.5,0,Gated Society,11153208.73
1893,1,3.0,3,17.4,1,Suburban,10030125.31
2525,3,1.5,5,5.7,0,Suburban,13545398.13
1246,3,1.0,19,5.0,0,Suburban,7476718.56
2427,3,1.0,20,3.9,3,Rural / Outskirts,12020210.94
2524,1,3.5,12,1.5,0,City Center,15115272.55
1735,1,3.0,21,1.0,1,City Center,11776197.51
633,1,2.0,4,1.8,1,City Center,7631926.07
1466,3,2.0,22,4.6,1,Rural / Outskirts,7635235.6
2513,3,3.0,24,3.1,0,Rural / Outskirts,11663467.22
1787,2,1.5,25,3.9,2,Gated Society,11586015.57
1250,3,2.0,22,25.6,2,Rural / Outskirts,5817466.42
1522,3,3.5,6,2.8,1,City Center,11669156.61
2262,1,4.0,19,3.9,1,Rural / Outskirts,11130799.65
2101,3,3.0,0,1.0,2,City Center,14419035.81
1669,3,1.5,13,1.0,2,City Center,12497626.02
1598,2,1.5,23,9.7,2,City Center,10958894.48
1585,2,2.5,3,5.5,0,Suburban,9519500.59
1293,3,1.5,16,9.3,1,Gated Society,9689250.38
2688,4,2.0,20,1.1,1,Suburban,14531516.48
1623,3,4.0,13,5.5,0,Rural / Outskirts,8480670.26
2469,3,2.0,15,1.9,1,Suburban,13203234.67
2637,3,3.0,13,1.7,1,City Center,16214197.32
2349,2,4.0,15,1.0,1,Suburban,12864289.08
1563,3,3.0,23,1.0,2,Gated Society,11059945.68
2022,2,1.5,19,2.4,2,Gated Society,13033443.14
1787,2,3.5,28,1.0,1,Suburban,10335927.63
1303,3,1.0,27,27.7,2,Suburban,6785436.25
1978,3,4.0,7,2.4,0,Suburban,11553850.75
1152,2,2.5,23,1.0,2,Suburban,7753263.15
2453,4,1.0,2,1.4,0,Rural / Outskirts,12350312.34
1544,1,1.5,24,5.8,0,City Center,10141559.57
1911,2,1.5,18,1.0,1,Rural / Outskirts,9684799.86
1956,1,1.0,0,12.9,1,Suburban,10228802.13
1658,3,2.5,1,21.2,2,Suburban,9530315.73
2123,3,4.0,14,1.8,1,Rural / Outskirts,10868178.81
1539,2,4.0,21,3.9,1,Suburban,9288291.26
2279,3,1.0,27,1.0,1,Suburban,11890757.36
1060,2,3.0,9,6.7,1,City Center,8792134.17
1870,3,2.0,17,3.5,1,City Center,12759941.2
2866,2,3.5,21,2.0,2,Gated Society,16081020.69
1250,2,3.0,13,1.5,2,Suburban,8594573.79
1427,4,4.0,16,6.9,2,Rural / Outskirts,8191810.57
2083,2,2.0,26,3.5,3,City Center,13763215.21
1899,2,3.5,12,1.3,1,City Center,12710087.2
1993,3,3.5,0,7.6,2,City Center,13940285.15
2069,4,3.5,4,5.4,1,Suburban,12344487.99
2149,2,1.5,25,12.7,2,Rural / Outskirts,9912552.92
2410,1,3.5,12,1.0,1,Gated Society,14435301.8
2025,2,2.5,26,10.0,3,Suburban,11195651.67
1667,3,1.0,24,7.3,2,Rural / Outskirts,7861289.0
2170,2,4.0,13,1.0,3,Gated Society,14123839.46
2845,3,2.5,23,7.7,2,City Center,16777041.07
1727,5,1.0,2,3.8,2,Gated Society,12186367.49
1264,2,3.0,14,18.9,2,Suburban,7449780.88
2409,2,3.0,18,1.0,1,City Center,14891834.52
1734,2,1.0,16,6.7,1,City Center,11754750.76
605,1,2.5,29,3.1,1,Suburban,4616916.59
2266,4,1.0,2,20.4,0,Suburban,11317925.93
1506,2,3.5,15,2.6,1,Suburban,9067912.72
1750,2,1.5,13,21.3,1,City Center,10906146.73
1983,3,4.0,11,15.1,1,Gated Society,12576853.1
1905,2,3.0,27,2.0,3,Rural / Outskirts,10283873.13
2190,3,4.0,11,10.6,2,Gated Society,13760041.67
1560,1,1.5,28,30.0,0,Suburban,6729375.73
2082,3,3.5,10,1.9,1,City Center,13892383.48
1657,4,3.5,16,3.7,1,City Center,12441550.72
2206,3,3.0,7,4.8,1,City Center,14626894.38
2138,4,3.0,16,2.3,2,Suburban,12525540.54
1286,2,3.5,20,1.0,1,Suburban,8642601.09
2397,3,2.0,24,1.6,1,Gated Society,14070079.17
1505,3,4.0,22,2.2,2,Gated Society,11114571.12
2244,3,1.5,19,3.8,2,Suburban,12623984.06
2002,2,4.0,10,1.2,0,Suburban,11175681.79
2811,2,1.5,24,13.4,2,Gated Society,15192458.98
1677,2,2.0,24,7.9,1,Suburban,9548055.66
1608,2,2.5,1,1.0,1,City Center,11775680.3
1789,2,1.5,9,6.8,0,Suburban,9621615.34
1633,3,4.0,9,6.9,1,Suburban,10190161.38
2240,2,1.0,10,20.3,1,City Center,13025519.79
911,1,3.5,27,1.0,1,Gated Society,7548285.27
1220,3,3.5,5,1.9,2,Rural / Outskirts,7589101.71
1213,3,2.0,3,17.1,2,City Center,9397447.08
2323,4,1.5,23,17.5,1,City Center,13880905.56
2741,3,2.5,11,8.3,0,Gated Society,15600367.61
1743,2,1.5,10,9.4,2,City Center,11724958.36
1707,3,3.5,22,1.0,0,Suburban,9961284.95
1839,3,3.0,22,4.7,2,City Center,12802361.11
2439,1,1.0,26,1.7,1,City Center,14770557.94
1290,3,2.0,25,1.3,1,Gated Society,9654478.99
1931,4,3.0,24,10.8,1,Gated Society,12061248.54
2336,2,4.0,12,1.0,0,City Center,14719327.79
2076,2,2.5,4,4.1,1,Suburban,11921492.44
1904,2,3.0,5,18.1,0,City Center,11767612.46
2351,2,4.0,0,1.3,1,City Center,15382813.67
600,2,3.0,5,24.8,0,Rural / Outskirts,2684858.1
2173,3,2.5,17,30.0,1,Gated Society,12019084.64
1440,1,3.0,21,5.3,1,Suburban,8381588.21
793,4,2.0,8,1.2,1,Gated Society,8034724.94
2081,3,3.5,23,2.5,0,Gated Society,12712102.3
2556,3,1.5,24,3.6,0,Gated Society,14454963.61
1724,3,3.0,28,2.4,0,City Center,11751357.26
2324,1,2.0,14,2.1,2,City Center,14835734.9
2687,3,1.5,25,23.3,1,Gated Society,14279296.17
2523,3,4.0,7,1.1,2,Suburban,14217328.04
2702,3,1.5,18,8.6,1,Rural / Outskirts,12583862.1
2208,3,4.0,23,1.0,1,Gated Society,13864927.94
1841,2,3.0,15,5.9,1,Rural / Outskirts,9085231.32
919,4,2.0,5,16.1,2,City Center,8942545.81
1665,2,3.5,28,2.2,1,Rural / Outskirts,8633037.15
1336,4,3.0,5,1.3,0,Suburban,9054658.74
2994,5,4.0,21,6.9,1,Rural / Outskirts,14929918.86
1703,2,2.5,2,8.1,1,City Center,11429180.71
1868,3,1.5,9,7.6,1,Suburban,10843965.88
2103,1,3.0,0,2.5,1,Gated Society,13194671.58
1824,2,4.0,27,1.9,1,Suburban,10336518.01
2732,3,1.5,13,20.3,1,Suburban,13487238.46
1458,3,4.0,3,16.7,1,Rural / Outskirts,7294368.97
1907,4,2.0,25,4.0,2,Suburban,11061983.75
1392,3,1.0,11,12.2,2,Suburban,8660615.08
1074,3,3.0,5,3.9,1,City Center,9723989.49
1464,3,3.5,10,3.6,2,Gated Society,10898523.46
1780,4,3.0,11,1.1,2,Suburban,11321640.71
1564,1,1.5,9,3.6,1,Suburban,9029942.66
1419,5,2.0,17,5.0,1,City Center,11348548.15
1027,1,4.0,6,1.0,2,Suburban,7584981.87
1754,3,2.5,6,3.8,1,City Center,12551282.29
972,2,3.5,10,9.9,0,City Center,8241868.82
2218,2,2.0,3,7.4,2,Suburban,12435997.86
1845,2,3.0,19,6.6,0,City Center,11950153.2
998,3,2.5,0,,2,City Center,9026222.24
1630,2,2.0,12,1.0,2,Gated Society,11121809.23
1386,1,1.0,17,5.3,3,City Center,10293282.39
1976,3,3.5,8,10.1,0,Suburban,10866849.28
2537,4,1.5,25,5.1,1,City Center,15404165.01
769,2,2.0,23,2.5,1,Suburban,5896139.54
1863,2,2.0,23,1.0,1,Gated Society,11434084.77
1712,2,1.0,8,14.2,0,Gated Society,10106048.02
2169,1,3.0,22,4.1,1,Suburban,11545702.49
1917,3,4.0,28,13.7,1,City Center,12294143.34
1386,3,4.0,8,5.7,0,City Center,10761592.11
1625,3,3.5,9,7.3,1,Suburban,10246398.31
1362,2,3.5,27,10.6,2,Rural / Outskirts,6790130.7
2392,3,1.5,1,7.0,2,City Center,14743206.34
1812,3,2.0,5,3.3,2,Suburban,10921126.83
2846,3,2.5,14,4.7,1,City Center,16777631.26
1767,3,2.0,2,10.6,3,Suburban,10666201.81
1410,3,4.0,10,3.0,2,Gated Society,10855386.02
967,3,1.5,5,3.2,1,Suburban,6960345.28
808,2,2.0,2,1.0,0,Rural / Outskirts,4743049.58
929,4,1.0,23,16.0,1,Suburban,5924392.31
1947,3,4.0,10,1.0,1,City Center,13504707.23
2080,3,2.0,14,6.8,1,Suburban,11895751.37
930,2,2.0,12,3.5,1,Gated Society,8138940.56
2292,3,4.0,19,3.4,2,Suburban,12790885.15
1534,3,2.5,27,7.4,1,Suburban,8644434.4
1881,2,4.0,9,1.0,0,Gated Society,12151764.47
2687,1,1.0,5,5.9,2,Suburban,14224987.1
2293,3,1.0,14,9.6,1,Rural / Outskirts,10894496.15
1652,3,2.0,24,11.4,3,Suburban,9737480.57
1310,3,3.5,17,1.2,0,Gated Society,9659906.63
617,2,2.5,17,14.8,3,City Center,7297289.25
1404,3,2.0,6,6.9,0,Gated Society,9827338.09
1684,1,4.0,14,13.9,1,Rural / Outskirts,8332016.51
1257,2,2.0,17,4.3,0,Suburban,7325113.12
1728,2,1.5,17,5.1,2,Gated Society,11249356.24
1842,2,1.5,19,16.3,2,Gated Society,10890506.42
1676,2,3.5,8,15.0,1,City Center,11492769.54
1442,2,2.5,23,3.9,2,Suburban,8931054.13
1893,1,3.0,1,2.1,1,City Center,12944839.92
2043,2,1.5,7,3.2,1,Rural / Outskirts,10246564.79
1200,3,3.0,19,,2,Gated Society,9786162.66
2576,3,1.0,1,2.2,1,City Center,16207510.17
1746,2,1.5,10,2.0,1,City Center,12026042.97
1810,3,1.5,25,12.8,2,Suburban,9870377.0
2190,2,2.5,6,1.0,2,Suburban,12340352.08
1928,3,3.5,5,7.4,3,City Center,13788879.54
2324,1,3.0,29,1.2,2,Suburban,12597085.12
1958,1,4.0,9,2.7,0,Suburban,10704379.41
1463,3,1.5,4,1.0,2,City Center,11727639.7
1999,3,1.5,10,2.0,1,Gated Society,12617556.94
1171,4,2.5,0,9.5,3,Rural / Outskirts,7169652.98
1860,3,2.5,1,14.1,1,Gated Society,11611808.3
1782,4,3.5,23,1.6,1,Gated Society,11900616.3
1686,1,3.0,0,4.0,1,City Center,11734618.06
1729,1,1.0,18,4.1,1,Suburban,9522882.25
765,1,4.0,1,13.4,0,City Center,7579488.99
1498,2,3.5,20,9.4,2,Gated Society,10570446.2
1851,3,1.0,19,4.7,2,Rural / Outskirts,9202020.0
1888,3,2.0,28,7.2,0,Gated Society,11389332.13
1235,1,1.5,22,12.2,2,Rural / Outskirts,5735535.36
2496,4,3.0,20,1.0,1,Suburban,13881822.3
1324,3,3.5,23,3.4,1,Suburban,8331331.53
2333,2,1.5,3,15.5,1,Suburban,11797924.51
2035,1,3.0,11,8.8,2,City Center,13255550.89
1445,2,3.0,21,5.1,2,City Center,10599476.13
2776,2,3.0,19,4.9,1,Gated Society,15672369.57
1143,2,1.5,17,2.8,1,Suburban,7270893.17
2306,3,3.5,0,4.8,0,Suburban,12554603.45
2350,2,4.0,29,6.9,1,Suburban,11965557.52
1431,2,2.5,29,3.5,0,Suburban,8493123.04
2566,5,1.5,0,8.1,1,Suburban,13858725.04
1662,3,3.0,23,12.8,2,Suburban,9648812.93
1959,4,3.5,13,1.1,2,Suburban,12175011.14
1943,2,4.0,3,3.9,1,Gated Society,12413723.6
1726,2,2.0,4,3.4,1,Suburban,10084565.43
2246,3,1.0,10,7.6,1,Suburban,12161388.3
2236,1,3.0,23,1.9,2,Rural / Outskirts,10923496.91
838,1,2.0,27,6.6,2,Rural / Outskirts,4389696.4
2517,3,2.5,22,13.6,2,Rural / Outskirts,11882042.83
886,3,4.0,12,3.5,1,Suburban,7066297.76
2368,2,4.0,15,15.7,2,City Center,14297425.02
2420,3,3.0,23,30.0,0,Suburban,11614088.28
1200,2,4.0,12,1.0,1,Suburban,8328335.71
1574,1,2.0,23,1.7,1,Rural / Outskirts,7339734.39
1192,2,3.0,21,19.5,1,Suburban,6955801.44
1682,2,1.5,25,20.7,2,City Center,10535107.15
1631,1,3.5,1,1.0,2,City Center,12101101.49
2229,4,2.0,15,1.0,0,City Center,14338275.07
2521,3,3.5,5,1.1,0,Suburban,13754969.45
2568,3,1.5,13,30.0,1,Gated Society,13744146.82
1491,2,1.5,0,1.3,1,Rural / Outskirts,7741902.81
1685,2,3.5,16,4.5,1,Rural / Outskirts,8667703.75
874,2,2.0,10,12.3,2,City Center,8202943.28
1357,1,3.5,18,1.0,3,Suburban,8985818.3
2331,2,3.5,2,6.0,2,City Center,15011822.55
2689,3,1.0,10,2.1,2,Suburban,14420437.61
1121,3,2.0,28,12.9,1,Rural / Outskirts,5398127.61
1474,3,1.0,4,2.2,1,Suburban,9114035.63
1785,3,3.0,16,7.5,1,Gated Society,11781037.82
1954,4,4.0,25,7.3,1,Suburban,11245785.59
1355,1,3.5,21,1.6,2,City Center,10904793.42
2033,2,3.0,6,,1,City Center,13762009.26
1539,2,2.0,9,3.4,1,Suburban,8808626.65
1792,3,3.5,27,2.2,1,Gated Society,11900386.62
2100,5,4.0,28,10.8,3,City Center,14320431.23
1804,2,3.0,10,10.5,1,Gated Society,11119108.69
1560,4,2.5,2,4.0,2,Gated Society,11772765.94
1740,3,1.5,19,6.1,2,Suburban,10096034.95
1751,2,3.5,9,6.0,1,Gated Society,11412432.18
1596,2,4.0,26,11.4,1,Suburban,9141734.2
1658,2,1.5,9,3.6,2,Gated Society,11343309.46
2679,5,1.0,13,2.1,1,Gated Society,15850714.74
2109,2,3.0,11,2.0,2,Rural / Outskirts,10853327.48
1637,3,1.0,14,5.0,1,Suburban,9446964.12
2183,2,4.0,9,3.9,0,Suburban,12278736.23
1616,3,3.5,29,3.8,2,City Center,11842349.14
2445,2,1.5,9,1.0,2,City Center,15245420.24
2003,3,1.5,25,8.2,3,Gated Society,12418688.76
1741,3,3.0,18,1.6,2,Rural / Outskirts,9603028.61
2046,3,3.5,0,1.4,2,Suburban,12448981.75
936,4,2.5,23,3.5,2,City Center,9367991.57
1180,1,2.5,28,,2,Suburban,7461616.55
1143,3,3.0,25,5.7,1,Suburban,7707114.99
1879,2,3.5,9,3.0,1,Suburban,11046077.31
2753,2,3.0,1,3.9,2,City Center,16694964.1
3027,3,3.5,16,5.0,1,Gated Society,17000744.3
2151,2,4.0,29,1.5,1,City Center,13389391.48
2075,3,4.0,23,1.1,1,Suburban,11834572.83
809,5,1.0,6,13.8,1,Gated Society,7202794.85
1502,2,3.0,6,3.7,1,Suburban,9722450.02
1367,3,3.5,19,3.5,0,Suburban,8329014.49
1459,2,2.5,26,1.0,2,Gated Society,10716242.31
1708,2,3.5,8,4.5,1,Gated Society,11522670.32
1540,2,4.0,21,5.3,1,Suburban,9191103.91
711,4,3.5,1,5.3,0,Suburban,6547844.82
2211,4,3.0,13,8.0,0,Gated Society,13284187.35
1210,4,1.0,16,1.3,1,Gated Society,9134781.2
1932,5,1.0,0,1.9,2,Suburban,12054132.65
2941,2,1.0,8,10.8,0,City Center,16388213.09
1294,2,1.0,19,19.1,2,City Center,9376413.96
600,3,4.0,20,1.0,1,City Center,7834591.42
1643,3,2.0,18,4.5,1,Suburban,9621817.81
2406,2,3.0,3,1.6,0,City Center,15240729.69
2877,2,1.5,27,1.0,0,Suburban,14513735.65
1124,3,3.0,7,2.6,2,Gated Society,9562223.15
2073,3,2.0,12,1.0,2,Suburban,12315539.99
1544,2,1.0,3,8.0,1,Gated Society,10602065.86
1742,3,2.0,8,5.0,0,Gated Society,11177554.89
3254,3,2.5,8,1.0,1,City Center,18723858.02
973,3,2.5,21,1.0,1,Gated Society,8216515.95
1940,2,4.0,17,10.7,3,Gated Society,12212562.99
2057,3,3.0,11,1.3,1,Suburban,12072318.66
2397,1,3.0,9,6.1,2,City Center,14534117.42
1854,2,1.5,10,2.7,1,Suburban,10766002.56
1969,3,4.0,6,5.7,1,Rural / Outskirts,10223307.31
1585,3,1.5,8,2.5,1,Suburban,9958067.4
1948,2,2.5,5,1.0,0,City Center,12506333.11
1611,3,1.0,18,1.6,2,Gated Society,10942866.23
2142,3,2.0,15,1.4,1,Suburban,11816658.13
1597,3,1.5,29,3.6,2,Suburban,9735003.89
2007,3,3.5,14,7.0,0,Gated Society,12718624.46
1784,3,1.5,6,2.0,3,Suburban,10698865.8
2419,3,1.0,15,1.0,0,Gated Society,14160655.08
1772,2,1.0,4,4.8,2,Gated Society,11762763.72
825,2,3.0,15,6.1,2,Suburban,6498123.21
2494,2,2.0,0,21.4,3,City Center,15013669.4
1302,3,1.0,18,5.8,1,Gated Society,9326289.9
1440,3,4.0,4,4.1,2,Rural / Outskirts,8661011.53
1472,2,1.5,6,5.5,1,City Center,10571255.93
2556,1,1.5,18,17.1,0,Suburban,12234788.98
625,3,2.5,21,11.5,1,Suburban,5118182.34
3526,2,1.0,4,2.5,0,Gated Society,18590580.09
2381,3,3.5,28,1.8,3,Gated Society,14817192.49
1923,1,3.0,16,2.0,0,City Center,12175861.62
1770,3,2.0,25,4.6,1,Rural / Outskirts,8511380.41
1957,4,3.5,21,8.9,1,City Center,13126114.21
2087,2,3.0,29,4.5,1,Gated Society,12747737.01
2155,3,1.5,7,1.0,2,Suburban,12248631.13
2106,1,3.5,28,8.4,0,Suburban,10778727.8
1849,3,3.0,28,10.7,1,City Center,11972296.9
1691,3,1.5,0,2.2,1,City Center,12098023.88
1717,2,1.5,1,7.1,2,Gated Society,11459034.71
1693,3,1.5,29,3.6,2,Suburban,10031287.59
2424,4,1.5,14,14.3,3,City Center,14964540.74
2126,2,4.0,19,12.1,0,City Center,13315405.05
600,1,1.5,27,4.8,1,City Center,6508050.65
2161,4,2.5,17,7.6,0,Gated Society,12990697.97
1907,3,3.5,10,14.0,0,Gated Society,11761953.25
1790,4,3.0,24,4.5,1,City Center,12899042.55
1586,3,2.5,9,,2,Suburban,10266835.54
2418,3,4.0,23,9.1,1,City Center,14743334.55
2321,2,2.5,23,1.6,1,Rural / Outskirts,11150832.65
1375,3,1.0,3,3.2,2,Rural / Outskirts,7786628.4
2024,4,1.0,4,13.1,2,Gated Society,12792064.22
1266,3,1.0,3,8.4,1,Rural / Outskirts,6812318.59
1041,2,2.0,12,3.4,1,Gated Society,8672358.3
1455,2,1.0,24,1.6,1,Gated Society,9684196.44
2274,2,3.0,12,2.9,0,Suburban,11955916.97
2324,2,2.5,17,2.2,1,Suburban,12604415.14
2082,2,3.0,28,1.3,1,City Center,13267497.46
2199,3,3.5,26,8.8,2,Suburban,11889074.42
2084,3,1.0,23,1.9,2,Suburban,11545665.68
1447,2,4.0,1,3.9,1,City Center,11246390.17
2038,3,2.0,15,3.2,1,Suburban,11718764.76
2240,1,3.5,0,26.1,1,Suburban,10935515.3
2215,1,4.0,25,3.2,2,City Center,14109961.35
2454,2,2.0,18,1.0,1,Suburban,13465486.51
2190,3,3.5,8,1.0,1,Rural / Outskirts,11365524.91
1993,2,2.5,27,5.8,0,Gated Society,11670836.71
2389,2,3.0,2,5.9,0,Gated Society,14134859.77
1785,2,1.5,24,3.5,2,Suburban,10240492.69
1315,3,3.0,6,3.7,1,Suburban,9082661.2
1710,1,1.0,28,1.0,1,City Center,11160920.0
1390,3,4.0,9,4.7,1,Rural / Outskirts,8027894.72
